wall_clock,bar_date,open,high,low,close,volume
2026-08-10T16:49:39.749009-04:00,2026-08-10 14:30:00-04:00,193.2,193.91,193.12,193.64,221609.0
2026-08-10T16:49:39.749009-04:00,2026-08-10 15:00:00-04:00,193.64,194.99,193.64,194.64,321963.0
2026-08-10T16:49:39.749009-04:00,2026-08-10 15:30:00-04:00,194.66,194.87,192.47,192.81,1153265.0
2026-08-11T01:29:39.489588-04:00,2026-08-10 14:30:00-04:00,193.2,193.91,193.12,193.64,221609.0
2026-08-11T01:29:39.489588-04:00,2026-08-10 15:00:00-04:00,193.64,194.99,193.64,194.64,321963.0
2026-08-11T01:29:39.489588-04:00,2026-08-10 15:30:00-04:00,194.66,194.87,192.47,192.81,1153265.0
2026-08-11T01:59:40.304950-04:00,2026-08-10 14:30:00-04:00,193.2,193.91,193.12,193.64,221609.0
2026-08-11T01:59:40.304950-04:00,2026-08-10 15:00:00-04:00,193.64,194.99,193.64,194.64,321963.0
2026-08-11T01:59:40.304950-04:00,2026-08-10 15:30:00-04:00,194.66,194.87,192.47,192.81,1153265.0
2026-08-11T02:29:41.193220-04:00,2026-08-10 14:30:00-04:00,193.2,193.91,193.12,193.64,221609.0
2026-08-11T02:29:41.193220-04:00,2026-08-10 15:00:00-04:00,193.64,194.99,193.64,194.64,321963.0
2026-08-11T02:29:41.193220-04:00,2026-08-10 15:30:00-04:00,194.66,194.87,192.47,192.81,1153265.0
2026-08-11T02:59:42.072233-04:00,2026-08-10 14:30:00-04:00,193.2,193.91,193.12,193.64,221609.0
2026-08-11T02:59:42.072233-04:00,2026-08-10 15:00:00-04:00,193.64,194.99,193.64,194.64,321963.0
2026-08-11T02:59:42.072233-04:00,2026-08-10 15:30:00-04:00,194.66,194.87,192.47,192.81,1153265.0
2026-08-11T03:29:42.815927-04:00,2026-08-10 14:30:00-04:00,193.2,193.91,193.12,193.64,221609.0
2026-08-11T03:29:42.815927-04:00,2026-08-10 15:00:00-04:00,193.64,194.99,193.64,194.64,321963.0
2026-08-11T03:29:42.815927-04:00,2026-08-10 15:30:00-04:00,194.66,194.87,192.47,192.81,1153265.0
2026-08-11T03:59:43.715652-04:00,2026-08-10 14:30:00-04:00,193.2,193.91,193.12,193.64,221609.0
2026-08-11T03:59:43.715652-04:00,2026-08-10 15:00:00-04:00,193.64,194.99,193.64,194.64,321963.0
2026-08-11T03:59:43.715652-04:00,2026-08-10 15:30:00-04:00,194.66,194.87,192.47,192.81,1153265.0
2026-08-11T04:29:44.493006-04:00,2026-08-10 14:30:00-04:00,193.2,193.91,193.12,193.64,221609.0
2026-08-11T04:29:44.493006-04:00,2026-08-10 15:00:00-04:00,193.64,194.99,193.64,194.64,321963.0
2026-08-11T04:29:44.493006-04:00,2026-08-10 15:30:00-04:00,194.66,194.87,192.47,192.81,1153265.0
2026-08-11T04:59:45.265086-04:00,2026-08-10 14:30:00-04:00,193.2,193.91,193.12,193.64,221609.0
2026-08-11T04:59:45.265086-04:00,2026-08-10 15:00:00-04:00,193.64,194.99,193.64,194.64,321963.0
2026-08-11T04:59:45.265086-04:00,2026-08-10 15:30:00-04:00,194.66,194.87,192.47,192.81,1153265.0
2026-08-11T05:29:46.023537-04:00,2026-08-10 14:30:00-04:00,193.2,193.91,193.12,193.64,221609.0
2026-08-11T05:29:46.023537-04:00,2026-08-10 15:00:00-04:00,193.64,194.99,193.64,194.64,321963.0
2026-08-11T05:29:46.023537-04:00,2026-08-10 15:30:00-04:00,194.66,194.87,192.47,192.81,1153265.0
2026-08-11T05:59:46.935840-04:00,2026-08-10 14:30:00-04:00,193.2,193.91,193.12,193.64,221609.0
2026-08-11T05:59:46.935840-04:00,2026-08-10 15:00:00-04:00,193.64,194.99,193.64,194.64,321963.0
2026-08-11T05:59:46.935840-04:00,2026-08-10 15:30:00-04:00,194.66,194.87,192.47,192.81,1153265.0
2026-08-11T06:29:47.687485-04:00,2026-08-10 14:30:00-04:00,193.2,193.91,193.12,193.64,221609.0
2026-08-11T06:29:47.687485-04:00,2026-08-10 15:00:00-04:00,193.64,194.99,193.64,194.64,321963.0
2026-08-11T06:29:47.687485-04:00,2026-08-10 15:30:00-04:00,194.66,194.87,192.47,192.81,1153265.0
2026-08-11T06:59:48.446623-04:00,2026-08-10 14:30:00-04:00,193.2,193.91,193.12,193.64,221609.0
2026-08-11T06:59:48.446623-04:00,2026-08-10 15:00:00-04:00,193.64,194.99,193.64,194.64,321963.0
2026-08-11T06:59:48.446623-04:00,2026-08-10 15:30:00-04:00,194.66,194.87,192.47,192.81,1153265.0
2026-08-11T07:29:49.319888-04:00,2026-08-10 14:30:00-04:00,193.2,193.91,193.12,193.64,221609.0
2026-08-11T07:29:49.319888-04:00,2026-08-10 15:00:00-04:00,193.64,194.99,193.64,194.64,321963.0
2026-08-11T07:29:49.319888-04:00,2026-08-10 15:30:00-04:00,194.66,194.87,192.47,192.81,1153265.0
2026-08-11T07:59:50.055505-04:00,2026-08-10 14:30:00-04:00,193.2,193.91,193.12,193.64,221609.0
2026-08-11T07:59:50.055505-04:00,2026-08-10 15:00:00-04:00,193.64,194.99,193.64,194.64,321963.0
2026-08-11T07:59:50.055505-04:00,2026-08-10 15:30:00-04:00,194.66,194.87,192.47,192.81,1153265.0
2026-08-11T08:29:50.809507-04:00,2026-08-10 14:30:00-04:00,193.2,193.91,193.12,193.64,221609.0
2026-08-11T08:29:50.809507-04:00,2026-08-10 15:00:00-04:00,193.64,194.99,193.64,194.64,321963.0
2026-08-11T08:29:50.809507-04:00,2026-08-10 15:30:00-04:00,194.66,194.87,192.47,192.81,1153265.0
2026-08-11T08:59:51.756236-04:00,2026-08-10 14:30:00-04:00,193.2,193.91,193.12,193.64,221609.0
2026-08-11T08:59:51.756236-04:00,2026-08-10 15:00:00-04:00,193.64,194.99,193.64,194.64,321963.0
2026-08-11T08:59:51.756236-04:00,2026-08-10 15:30:00-04:00,194.66,194.87,192.47,192.81,1153265.0
2026-08-11T09:29:52.548530-04:00,2026-08-10 14:30:00-04:00,193.2,193.91,193.12,193.64,221609.0
2026-08-11T09:29:52.548530-04:00,2026-08-10 15:00:00-04:00,193.64,194.99,193.64,194.64,321963.0
2026-08-11T09:29:52.548530-04:00,2026-08-10 15:30:00-04:00,194.66,194.87,192.47,192.81,1153265.0
2026-08-11T09:59:53.304572-04:00,2026-08-10 15:00:00-04:00,193.64,194.99,193.64,194.64,321963.0
2026-08-11T09:59:53.304572-04:00,2026-08-10 15:30:00-04:00,194.66,194.87,192.47,192.81,1153265.0
2026-08-11T09:59:53.304572-04:00,2026-08-11 09:30:00-04:00,198.51,201.76,195.0,201.73,471278.0
2026-08-11T10:29:54.050423-04:00,2026-08-10 15:30:00-04:00,194.66,194.87,192.47,192.81,1153265.0
2026-08-11T10:29:54.050423-04:00,2026-08-11 09:30:00-04:00,198.51,202.17,195.0,199.01,676324.0
2026-08-11T10:29:54.050423-04:00,2026-08-11 10:00:00-04:00,198.87,203.15,198.82,202.24,207462.0
2026-08-11T10:59:54.728716-04:00,2026-08-11 09:30:00-04:00,198.51,202.17,195.0,199.01,676324.0
2026-08-11T10:59:54.728716-04:00,2026-08-11 10:00:00-04:00,198.87,203.15,198.82,201.31,379709.0
2026-08-11T10:59:54.728716-04:00,2026-08-11 10:30:00-04:00,201.41,201.6,199.97,200.28,119661.0
2026-08-11T11:29:55.458363-04:00,2026-08-11 10:00:00-04:00,198.87,203.15,198.82,201.31,379709.0
2026-08-11T11:29:55.458363-04:00,2026-08-11 10:30:00-04:00,201.41,201.6,199.97,200.2,232018.0
2026-08-11T11:29:55.458363-04:00,2026-08-11 11:00:00-04:00,200.25,201.14,199.62,200.0,91234.0
2026-08-11T11:59:56.218084-04:00,2026-08-11 10:30:00-04:00,201.41,201.6,199.97,200.2,232018.0
2026-08-11T11:59:56.218084-04:00,2026-08-11 11:00:00-04:00,200.25,201.14,198.9,199.35,193813.0
2026-08-11T11:59:56.218084-04:00,2026-08-11 11:30:00-04:00,199.34,199.82,198.9,199.79,103694.0
2026-08-11T12:29:29.051700-04:00,2026-08-11 11:00:00-04:00,200.25,201.14,198.9,199.35,193813.0
2026-08-11T12:29:29.051700-04:00,2026-08-11 11:30:00-04:00,199.34,199.85,198.9,198.99,210477.0
2026-08-11T12:29:29.051700-04:00,2026-08-11 12:00:00-04:00,198.99,199.28,198.6,198.69,90446.0
2026-08-11T12:29:50.015675-04:00,2026-08-11 11:00:00-04:00,200.25,201.14,198.9,199.35,193813.0
2026-08-11T12:29:50.015675-04:00,2026-08-11 11:30:00-04:00,199.34,199.85,198.9,198.99,210477.0
2026-08-11T12:29:50.015675-04:00,2026-08-11 12:00:00-04:00,198.99,199.28,198.6,198.69,90446.0
2026-08-11T12:30:10.252329-04:00,2026-08-11 11:00:00-04:00,200.25,201.14,198.9,199.35,193813.0
2026-08-11T12:30:10.252329-04:00,2026-08-11 11:30:00-04:00,199.34,199.85,198.9,198.99,210477.0
2026-08-11T12:30:10.252329-04:00,2026-08-11 12:00:00-04:00,198.99,199.28,198.47,198.56,93109.0
2026-08-11T12:30:30.471346-04:00,2026-08-11 11:00:00-04:00,200.25,201.14,198.9,199.35,193813.0
2026-08-11T12:30:30.471346-04:00,2026-08-11 11:30:00-04:00,199.34,199.85,198.9,198.99,210477.0
2026-08-11T12:30:30.471346-04:00,2026-08-11 12:00:00-04:00,198.99,199.28,198.47,198.6,94734.0
2026-08-11T12:30:50.678201-04:00,2026-08-11 11:00:00-04:00,200.25,201.14,198.9,199.35,193813.0
2026-08-11T12:30:50.678201-04:00,2026-08-11 11:30:00-04:00,199.34,199.85,198.9,198.99,210477.0
2026-08-11T12:30:50.678201-04:00,2026-08-11 12:00:00-04:00,198.99,199.28,198.47,198.6,94734.0
2026-08-11T12:31:10.913225-04:00,2026-08-11 11:00:00-04:00,200.25,201.14,198.9,199.35,193813.0
2026-08-11T12:31:10.913225-04:00,2026-08-11 11:30:00-04:00,199.34,199.85,198.9,198.99,210477.0
2026-08-11T12:31:10.913225-04:00,2026-08-11 12:00:00-04:00,198.99,199.28,198.47,198.76,96162.0
2026-08-11T12:31:31.141906-04:00,2026-08-11 11:00:00-04:00,200.25,201.14,198.9,199.35,193813.0
2026-08-11T12:31:31.141906-04:00,2026-08-11 11:30:00-04:00,199.34,199.85,198.9,198.99,210477.0
2026-08-11T12:31:31.141906-04:00,2026-08-11 12:00:00-04:00,198.99,199.28,198.47,198.86,98170.0
2026-08-11T12:31:51.340202-04:00,2026-08-11 11:00:00-04:00,200.25,201.14,198.9,199.35,193813.0
2026-08-11T12:31:51.340202-04:00,2026-08-11 11:30:00-04:00,199.34,199.85,198.9,198.99,210477.0
2026-08-11T12:31:51.340202-04:00,2026-08-11 12:00:00-04:00,198.99,199.28,198.47,198.86,98170.0
2026-08-11T12:32:11.554719-04:00,2026-08-11 11:00:00-04:00,200.25,201.14,198.9,199.35,193813.0
2026-08-11T12:32:11.554719-04:00,2026-08-11 11:30:00-04:00,199.34,199.85,198.9,198.99,210477.0
2026-08-11T12:32:11.554719-04:00,2026-08-11 12:00:00-04:00,198.99,199.28,198.47,198.96,99743.0
2026-08-11T12:32:31.840165-04:00,2026-08-11 11:00:00-04:00,200.25,201.14,198.9,199.35,193813.0
2026-08-11T12:32:31.840165-04:00,2026-08-11 11:30:00-04:00,199.34,199.85,198.9,198.99,210477.0
2026-08-11T12:32:31.840165-04:00,2026-08-11 12:00:00-04:00,198.99,199.28,198.47,198.93,101654.0
2026-08-11T12:32:52.131534-04:00,2026-08-11 11:00:00-04:00,200.25,201.14,198.9,199.35,193813.0
2026-08-11T12:32:52.131534-04:00,2026-08-11 11:30:00-04:00,199.34,199.85,198.9,198.99,210477.0
2026-08-11T12:32:52.131534-04:00,2026-08-11 12:00:00-04:00,198.99,199.28,198.47,198.93,101654.0
2026-08-11T12:33:12.344719-04:00,2026-08-11 11:00:00-04:00,200.25,201.14,198.9,199.35,193813.0
2026-08-11T12:33:12.344719-04:00,2026-08-11 11:30:00-04:00,199.34,199.85,198.9,198.99,210477.0
2026-08-11T12:33:12.344719-04:00,2026-08-11 12:00:00-04:00,198.99,199.28,198.47,198.91,102937.0
2026-08-11T12:33:32.552812-04:00,2026-08-11 11:00:00-04:00,200.25,201.14,198.9,199.35,193813.0
2026-08-11T12:33:32.552812-04:00,2026-08-11 11:30:00-04:00,199.34,199.85,198.9,198.99,210477.0
2026-08-11T12:33:32.552812-04:00,2026-08-11 12:00:00-04:00,198.99,199.28,198.47,198.82,106076.0
2026-08-11T12:33:52.735091-04:00,2026-08-11 11:00:00-04:00,200.25,201.14,198.9,199.35,193813.0
2026-08-11T12:33:52.735091-04:00,2026-08-11 11:30:00-04:00,199.34,199.85,198.9,198.99,210477.0
2026-08-11T12:33:52.735091-04:00,2026-08-11 12:00:00-04:00,198.99,199.28,198.47,198.82,106076.0
2026-08-11T12:34:12.922212-04:00,2026-08-11 11:00:00-04:00,200.25,201.14,198.9,199.35,193813.0
2026-08-11T12:34:12.922212-04:00,2026-08-11 11:30:00-04:00,199.34,199.85,198.9,198.99,210477.0
2026-08-11T12:34:12.922212-04:00,2026-08-11 12:00:00-04:00,198.99,199.28,198.47,198.88,110021.0
2026-08-11T12:34:33.143037-04:00,2026-08-11 11:00:00-04:00,200.25,201.14,198.9,199.35,193813.0
2026-08-11T12:34:33.143037-04:00,2026-08-11 11:30:00-04:00,199.34,199.85,198.9,198.99,210477.0
2026-08-11T12:34:33.143037-04:00,2026-08-11 12:00:00-04:00,198.99,199.28,198.47,198.87,111703.0
2026-08-11T12:34:52.337319-04:00,2026-08-11 11:00:00-04:00,200.25,201.14,198.9,199.35,193813.0
2026-08-11T12:34:52.337319-04:00,2026-08-11 11:30:00-04:00,199.34,199.85,198.9,198.99,210477.0
2026-08-11T12:34:52.337319-04:00,2026-08-11 12:00:00-04:00,198.99,199.28,198.47,198.87,111703.0
2026-08-11T12:35:12.523730-04:00,2026-08-11 11:00:00-04:00,200.25,201.14,198.9,199.35,193813.0
2026-08-11T12:35:12.523730-04:00,2026-08-11 11:30:00-04:00,199.34,199.85,198.9,198.99,210477.0
2026-08-11T12:35:12.523730-04:00,2026-08-11 12:00:00-04:00,198.99,199.28,198.47,198.67,115684.0
2026-08-11T12:35:32.703254-04:00,2026-08-11 11:00:00-04:00,200.25,201.14,198.9,199.35,193813.0
2026-08-11T12:35:32.703254-04:00,2026-08-11 11:30:00-04:00,199.34,199.85,198.9,198.99,210477.0
2026-08-11T12:35:32.703254-04:00,2026-08-11 12:00:00-04:00,198.99,199.28,198.47,198.68,118016.0
2026-08-11T12:35:52.889695-04:00,2026-08-11 11:00:00-04:00,200.25,201.14,198.9,199.35,193813.0
2026-08-11T12:35:52.889695-04:00,2026-08-11 11:30:00-04:00,199.34,199.85,198.9,198.99,210477.0
2026-08-11T12:35:52.889695-04:00,2026-08-11 12:00:00-04:00,198.99,199.28,198.47,198.68,118016.0
2026-08-11T12:36:13.076071-04:00,2026-08-11 11:00:00-04:00,200.25,201.14,198.9,199.35,193813.0
2026-08-11T12:36:13.076071-04:00,2026-08-11 11:30:00-04:00,199.34,199.85,198.9,198.99,210477.0
2026-08-11T12:36:13.076071-04:00,2026-08-11 12:00:00-04:00,198.99,199.28,198.47,198.75,119512.0
2026-08-11T12:36:33.281190-04:00,2026-08-11 11:00:00-04:00,200.25,201.14,198.9,199.35,193813.0
2026-08-11T12:36:33.281190-04:00,2026-08-11 11:30:00-04:00,199.34,199.85,198.9,198.99,210477.0
2026-08-11T12:36:33.281190-04:00,2026-08-11 12:00:00-04:00,198.99,199.28,198.47,198.66,122095.0
2026-08-11T12:36:53.464567-04:00,2026-08-11 11:00:00-04:00,200.25,201.14,198.9,199.35,193813.0
2026-08-11T12:36:53.464567-04:00,2026-08-11 11:30:00-04:00,199.34,199.85,198.9,198.99,210477.0
2026-08-11T12:36:53.464567-04:00,2026-08-11 12:00:00-04:00,198.99,199.28,198.47,198.66,122095.0
2026-08-11T12:37:13.649047-04:00,2026-08-11 11:00:00-04:00,200.25,201.14,198.9,199.35,193813.0
2026-08-11T12:37:13.649047-04:00,2026-08-11 11:30:00-04:00,199.34,199.85,198.9,198.99,210477.0
2026-08-11T12:37:13.649047-04:00,2026-08-11 12:00:00-04:00,198.99,199.28,198.47,198.64,125153.0
2026-08-11T12:37:33.915180-04:00,2026-08-11 11:00:00-04:00,200.25,201.14,198.9,199.35,193813.0
2026-08-11T12:37:33.915180-04:00,2026-08-11 11:30:00-04:00,199.34,199.85,198.9,198.99,210477.0
2026-08-11T12:37:33.915180-04:00,2026-08-11 12:00:00-04:00,198.99,199.28,198.47,198.76,130591.0
2026-08-11T12:37:54.104821-04:00,2026-08-11 11:00:00-04:00,200.25,201.14,198.9,199.35,193813.0
2026-08-11T12:37:54.104821-04:00,2026-08-11 11:30:00-04:00,199.34,199.85,198.9,198.99,210477.0
2026-08-11T12:37:54.104821-04:00,2026-08-11 12:00:00-04:00,198.99,199.28,198.47,198.76,130591.0
2026-08-11T12:38:14.289299-04:00,2026-08-11 11:00:00-04:00,200.25,201.14,198.9,199.35,193813.0
2026-08-11T12:38:14.289299-04:00,2026-08-11 11:30:00-04:00,199.34,199.85,198.9,198.99,210477.0
2026-08-11T12:38:14.289299-04:00,2026-08-11 12:00:00-04:00,198.99,199.28,198.47,198.9,134655.0
2026-08-11T12:38:34.473401-04:00,2026-08-11 11:00:00-04:00,200.25,201.14,198.9,199.35,193813.0
2026-08-11T12:38:34.473401-04:00,2026-08-11 11:30:00-04:00,199.34,199.85,198.9,198.99,210477.0
2026-08-11T12:38:34.473401-04:00,2026-08-11 12:00:00-04:00,198.99,199.28,198.47,198.98,138565.0
2026-08-11T12:38:54.659843-04:00,2026-08-11 11:00:00-04:00,200.25,201.14,198.9,199.35,193813.0
2026-08-11T12:38:54.659843-04:00,2026-08-11 11:30:00-04:00,199.34,199.85,198.9,198.99,210477.0
2026-08-11T12:38:54.659843-04:00,2026-08-11 12:00:00-04:00,198.99,199.28,198.47,198.98,138565.0
2026-08-11T12:39:14.845601-04:00,2026-08-11 11:00:00-04:00,200.25,201.14,198.9,199.35,193813.0
2026-08-11T12:39:14.845601-04:00,2026-08-11 11:30:00-04:00,199.34,199.85,198.9,198.99,210477.0
2026-08-11T12:39:14.845601-04:00,2026-08-11 12:00:00-04:00,198.99,199.28,198.47,199.03,141978.0
2026-08-11T12:39:35.032624-04:00,2026-08-11 11:00:00-04:00,200.25,201.14,198.9,199.35,193813.0
2026-08-11T12:39:35.032624-04:00,2026-08-11 11:30:00-04:00,199.34,199.85,198.9,198.99,210477.0
2026-08-11T12:39:35.032624-04:00,2026-08-11 12:00:00-04:00,198.99,199.28,198.47,198.8,151960.0
2026-08-11T12:39:55.217654-04:00,2026-08-11 11:00:00-04:00,200.25,201.14,198.9,199.35,193813.0
2026-08-11T12:39:55.217654-04:00,2026-08-11 11:30:00-04:00,199.34,199.85,198.9,198.99,210477.0
2026-08-11T12:39:55.217654-04:00,2026-08-11 12:00:00-04:00,198.99,199.28,198.47,198.8,151960.0
2026-08-11T12:59:15.509242-04:00,2026-08-11 11:30:00-04:00,199.34,199.85,198.9,198.99,210477.0
2026-08-11T12:59:15.509242-04:00,2026-08-11 12:00:00-04:00,198.99,199.28,198.4,198.66,194435.0
2026-08-11T12:59:15.509242-04:00,2026-08-11 12:30:00-04:00,198.66,199.17,198.28,198.81,124853.0
2026-08-11T12:59:36.274284-04:00,2026-08-11 11:30:00-04:00,199.34,199.85,198.9,198.99,210477.0
2026-08-11T12:59:36.274284-04:00,2026-08-11 12:00:00-04:00,198.99,199.28,198.4,198.66,194435.0
2026-08-11T12:59:36.274284-04:00,2026-08-11 12:30:00-04:00,198.66,199.17,198.28,198.76,126046.0
2026-08-11T12:59:56.457651-04:00,2026-08-11 11:30:00-04:00,199.34,199.85,198.9,198.99,210477.0
2026-08-11T12:59:56.457651-04:00,2026-08-11 12:00:00-04:00,198.99,199.28,198.4,198.66,194435.0
2026-08-11T12:59:56.457651-04:00,2026-08-11 12:30:00-04:00,198.66,199.17,198.28,198.76,126046.0
2026-08-11T13:00:16.647544-04:00,2026-08-11 11:30:00-04:00,199.34,199.85,198.9,198.99,210477.0
2026-08-11T13:00:16.647544-04:00,2026-08-11 12:00:00-04:00,198.99,199.28,198.4,198.66,194435.0
2026-08-11T13:00:16.647544-04:00,2026-08-11 12:30:00-04:00,198.66,199.17,198.28,198.86,128871.0
2026-08-11T13:00:36.835216-04:00,2026-08-11 11:30:00-04:00,199.34,199.85,198.9,198.99,210477.0
2026-08-11T13:00:36.835216-04:00,2026-08-11 12:00:00-04:00,198.99,199.28,198.4,198.66,194435.0
2026-08-11T13:00:36.835216-04:00,2026-08-11 12:30:00-04:00,198.66,199.17,198.28,198.65,131404.0
2026-08-11T13:00:57.027542-04:00,2026-08-11 11:30:00-04:00,199.34,199.85,198.9,198.99,210477.0
2026-08-11T13:00:57.027542-04:00,2026-08-11 12:00:00-04:00,198.99,199.28,198.4,198.66,194435.0
2026-08-11T13:00:57.027542-04:00,2026-08-11 12:30:00-04:00,198.66,199.17,198.28,198.65,131404.0
2026-08-11T13:01:17.218189-04:00,2026-08-11 11:30:00-04:00,199.34,199.85,198.9,198.99,210477.0
2026-08-11T13:01:17.218189-04:00,2026-08-11 12:00:00-04:00,198.99,199.28,198.4,198.66,194435.0
2026-08-11T13:01:17.218189-04:00,2026-08-11 12:30:00-04:00,198.66,199.17,198.28,198.55,135159.0
2026-08-11T13:01:37.405395-04:00,2026-08-11 11:30:00-04:00,199.34,199.85,198.9,198.99,210477.0
2026-08-11T13:01:37.405395-04:00,2026-08-11 12:00:00-04:00,198.99,199.28,198.4,198.66,194435.0
2026-08-11T13:01:37.405395-04:00,2026-08-11 12:30:00-04:00,198.66,199.17,198.28,198.48,141778.0
2026-08-11T13:01:57.596686-04:00,2026-08-11 11:30:00-04:00,199.34,199.85,198.9,198.99,210477.0
2026-08-11T13:01:57.596686-04:00,2026-08-11 12:00:00-04:00,198.99,199.28,198.4,198.66,194435.0
2026-08-11T13:01:57.596686-04:00,2026-08-11 12:30:00-04:00,198.66,199.17,198.28,198.48,141778.0
2026-08-11T13:02:17.791911-04:00,2026-08-11 11:30:00-04:00,199.34,199.85,198.9,198.99,210477.0
2026-08-11T13:02:17.791911-04:00,2026-08-11 12:00:00-04:00,198.99,199.28,198.4,198.66,194435.0
2026-08-11T13:02:17.791911-04:00,2026-08-11 12:30:00-04:00,198.66,199.17,198.28,198.36,146342.0
2026-08-11T13:02:37.979732-04:00,2026-08-11 11:30:00-04:00,199.34,199.85,198.9,198.99,210477.0
2026-08-11T13:02:37.979732-04:00,2026-08-11 12:00:00-04:00,198.99,199.28,198.4,198.66,194435.0
2026-08-11T13:02:37.979732-04:00,2026-08-11 12:30:00-04:00,198.66,199.17,198.28,198.45,147921.0
2026-08-11T13:02:58.170727-04:00,2026-08-11 11:30:00-04:00,199.34,199.85,198.9,198.99,210477.0
2026-08-11T13:02:58.170727-04:00,2026-08-11 12:00:00-04:00,198.99,199.28,198.4,198.66,194435.0
2026-08-11T13:02:58.170727-04:00,2026-08-11 12:30:00-04:00,198.66,199.17,198.28,198.45,147921.0
2026-08-11T13:03:18.365272-04:00,2026-08-11 11:30:00-04:00,199.34,199.85,198.9,198.99,210477.0
2026-08-11T13:03:18.365272-04:00,2026-08-11 12:00:00-04:00,198.99,199.28,198.4,198.66,194435.0
2026-08-11T13:03:18.365272-04:00,2026-08-11 12:30:00-04:00,198.66,199.17,198.28,198.53,151924.0
2026-08-11T13:03:38.558131-04:00,2026-08-11 11:30:00-04:00,199.34,199.85,198.9,198.99,210477.0
2026-08-11T13:03:38.558131-04:00,2026-08-11 12:00:00-04:00,198.99,199.28,198.4,198.66,194435.0
2026-08-11T13:03:38.558131-04:00,2026-08-11 12:30:00-04:00,198.66,199.17,198.28,198.52,155858.0
2026-08-11T13:03:58.748074-04:00,2026-08-11 11:30:00-04:00,199.34,199.85,198.9,198.99,210477.0
2026-08-11T13:03:58.748074-04:00,2026-08-11 12:00:00-04:00,198.99,199.28,198.4,198.66,194435.0
2026-08-11T13:03:58.748074-04:00,2026-08-11 12:30:00-04:00,198.66,199.17,198.28,198.52,155858.0
2026-08-11T13:04:18.933716-04:00,2026-08-11 11:30:00-04:00,199.34,199.85,198.9,198.99,210477.0
2026-08-11T13:04:18.933716-04:00,2026-08-11 12:00:00-04:00,198.99,199.28,198.4,198.66,194435.0
2026-08-11T13:04:18.933716-04:00,2026-08-11 12:30:00-04:00,198.66,199.17,198.28,198.57,157482.0
2026-08-11T13:04:39.130750-04:00,2026-08-11 11:30:00-04:00,199.34,199.85,198.9,198.99,210477.0
2026-08-11T13:04:39.130750-04:00,2026-08-11 12:00:00-04:00,198.99,199.28,198.4,198.66,194435.0
2026-08-11T13:04:39.130750-04:00,2026-08-11 12:30:00-04:00,198.66,199.17,198.28,198.57,160946.0
2026-08-11T13:04:59.326077-04:00,2026-08-11 11:30:00-04:00,199.34,199.85,198.9,198.99,210477.0
2026-08-11T13:04:59.326077-04:00,2026-08-11 12:00:00-04:00,198.99,199.28,198.4,198.66,194435.0
2026-08-11T13:04:59.326077-04:00,2026-08-11 12:30:00-04:00,198.66,199.17,198.28,198.59,167865.0
2026-08-11T13:05:19.522003-04:00,2026-08-11 11:30:00-04:00,199.34,199.85,198.9,198.99,210477.0
2026-08-11T13:05:19.522003-04:00,2026-08-11 12:00:00-04:00,198.99,199.28,198.4,198.66,194435.0
2026-08-11T13:05:19.522003-04:00,2026-08-11 12:30:00-04:00,198.66,199.17,198.28,198.59,167865.0
2026-08-11T13:05:39.709695-04:00,2026-08-11 11:30:00-04:00,199.34,199.85,198.9,198.99,210477.0
2026-08-11T13:05:39.709695-04:00,2026-08-11 12:00:00-04:00,198.99,199.28,198.4,198.66,194435.0
2026-08-11T13:05:39.709695-04:00,2026-08-11 12:30:00-04:00,198.66,199.17,198.28,198.68,183833.0
2026-08-11T13:05:59.902569-04:00,2026-08-11 11:30:00-04:00,199.34,199.85,198.9,198.99,210477.0
2026-08-11T13:05:59.902569-04:00,2026-08-11 12:00:00-04:00,198.99,199.28,198.4,198.66,194435.0
2026-08-11T13:05:59.902569-04:00,2026-08-11 12:30:00-04:00,198.66,199.17,198.28,198.62,189521.0
2026-08-11T13:06:20.091921-04:00,2026-08-11 11:30:00-04:00,199.34,199.85,198.9,198.99,210477.0
2026-08-11T13:06:20.091921-04:00,2026-08-11 12:00:00-04:00,198.99,199.28,198.4,198.66,194435.0
2026-08-11T13:06:20.091921-04:00,2026-08-11 12:30:00-04:00,198.66,199.17,198.28,198.62,189521.0
2026-08-11T13:06:40.285455-04:00,2026-08-11 11:30:00-04:00,199.34,199.85,198.9,198.99,210477.0
2026-08-11T13:06:40.285455-04:00,2026-08-11 12:00:00-04:00,198.99,199.28,198.4,198.66,194435.0
2026-08-11T13:06:40.285455-04:00,2026-08-11 12:30:00-04:00,198.66,199.17,198.28,198.46,191266.0
2026-08-11T13:07:00.470387-04:00,2026-08-11 11:30:00-04:00,199.34,199.85,198.9,198.99,210477.0
2026-08-11T13:07:00.470387-04:00,2026-08-11 12:00:00-04:00,198.99,199.28,198.4,198.66,194435.0
2026-08-11T13:07:00.470387-04:00,2026-08-11 12:30:00-04:00,198.66,199.17,198.28,198.68,193190.0
2026-08-11T13:07:20.664917-04:00,2026-08-11 11:30:00-04:00,199.34,199.85,198.9,198.99,210477.0
2026-08-11T13:07:20.664917-04:00,2026-08-11 12:00:00-04:00,198.99,199.28,198.4,198.66,194435.0
2026-08-11T13:07:20.664917-04:00,2026-08-11 12:30:00-04:00,198.66,199.17,198.28,198.68,193190.0
2026-08-11T13:07:40.852113-04:00,2026-08-11 11:30:00-04:00,199.34,199.85,198.9,198.99,210477.0
2026-08-11T13:07:40.852113-04:00,2026-08-11 12:00:00-04:00,198.99,199.28,198.4,198.66,194435.0
2026-08-11T13:07:40.852113-04:00,2026-08-11 12:30:00-04:00,198.66,199.17,198.28,198.53,196575.0
2026-08-11T13:08:01.045160-04:00,2026-08-11 11:30:00-04:00,199.34,199.85,198.9,198.99,210477.0
2026-08-11T13:08:01.045160-04:00,2026-08-11 12:00:00-04:00,198.99,199.28,198.4,198.66,194435.0
2026-08-11T13:08:01.045160-04:00,2026-08-11 12:30:00-04:00,198.66,199.17,198.28,198.4,198680.0
2026-08-11T13:08:21.229397-04:00,2026-08-11 11:30:00-04:00,199.34,199.85,198.9,198.99,210477.0
2026-08-11T13:08:21.229397-04:00,2026-08-11 12:00:00-04:00,198.99,199.28,198.4,198.66,194435.0
2026-08-11T13:08:21.229397-04:00,2026-08-11 12:30:00-04:00,198.66,199.17,198.28,198.4,198680.0
2026-08-11T13:08:41.421497-04:00,2026-08-11 11:30:00-04:00,199.34,199.85,198.9,198.99,210477.0
2026-08-11T13:08:41.421497-04:00,2026-08-11 12:00:00-04:00,198.99,199.28,198.4,198.66,194435.0
2026-08-11T13:08:41.421497-04:00,2026-08-11 12:30:00-04:00,198.66,199.17,198.28,198.52,205540.0
2026-08-11T13:09:01.607089-04:00,2026-08-11 11:30:00-04:00,199.34,199.85,198.9,198.99,210477.0
2026-08-11T13:09:01.607089-04:00,2026-08-11 12:00:00-04:00,198.99,199.28,198.4,198.66,194435.0
2026-08-11T13:09:01.607089-04:00,2026-08-11 12:30:00-04:00,198.66,199.17,198.28,198.62,206982.0
2026-08-11T13:09:21.793986-04:00,2026-08-11 11:30:00-04:00,199.34,199.85,198.9,198.99,210477.0
2026-08-11T13:09:21.793986-04:00,2026-08-11 12:00:00-04:00,198.99,199.28,198.4,198.66,194435.0
2026-08-11T13:09:21.793986-04:00,2026-08-11 12:30:00-04:00,198.66,199.17,198.28,198.62,206982.0
2026-08-11T13:09:41.986618-04:00,2026-08-11 11:30:00-04:00,199.34,199.85,198.9,198.99,210477.0
2026-08-11T13:09:41.986618-04:00,2026-08-11 12:00:00-04:00,198.99,199.28,198.4,198.66,194435.0
2026-08-11T13:09:41.986618-04:00,2026-08-11 12:30:00-04:00,198.66,199.17,198.28,198.64,208030.0
2026-08-11T13:29:02.307392-04:00,2026-08-11 12:00:00-04:00,198.99,199.28,198.4,198.66,194435.0
2026-08-11T13:29:02.307392-04:00,2026-08-11 12:30:00-04:00,198.66,199.17,198.28,198.5,238148.0
2026-08-11T13:29:02.307392-04:00,2026-08-11 13:00:00-04:00,198.48,198.54,197.74,197.85,121664.0
2026-08-11T13:29:23.060381-04:00,2026-08-11 12:00:00-04:00,198.99,199.28,198.4,198.66,194435.0
2026-08-11T13:29:23.060381-04:00,2026-08-11 12:30:00-04:00,198.66,199.17,198.28,198.5,238148.0
2026-08-11T13:29:23.060381-04:00,2026-08-11 13:00:00-04:00,198.48,198.54,197.74,197.85,121664.0
2026-08-11T13:29:43.252801-04:00,2026-08-11 12:00:00-04:00,198.99,199.28,198.4,198.66,194435.0
2026-08-11T13:29:43.252801-04:00,2026-08-11 12:30:00-04:00,198.66,199.17,198.28,198.5,238148.0
2026-08-11T13:29:43.252801-04:00,2026-08-11 13:00:00-04:00,198.48,198.54,197.74,197.93,126863.0
2026-08-11T13:30:03.444063-04:00,2026-08-11 12:00:00-04:00,198.99,199.28,198.4,198.66,194435.0
2026-08-11T13:30:03.444063-04:00,2026-08-11 12:30:00-04:00,198.66,199.17,198.28,198.5,238148.0
2026-08-11T13:30:03.444063-04:00,2026-08-11 13:00:00-04:00,198.48,198.54,197.74,197.88,130216.0
2026-08-11T13:30:23.636517-04:00,2026-08-11 12:00:00-04:00,198.99,199.28,198.4,198.66,194435.0
2026-08-11T13:30:23.636517-04:00,2026-08-11 12:30:00-04:00,198.66,199.17,198.28,198.5,238148.0
2026-08-11T13:30:23.636517-04:00,2026-08-11 13:00:00-04:00,198.48,198.54,197.74,197.88,130216.0
2026-08-11T13:30:43.833148-04:00,2026-08-11 12:00:00-04:00,198.99,199.28,198.4,198.66,194435.0
2026-08-11T13:30:43.833148-04:00,2026-08-11 12:30:00-04:00,198.66,199.17,198.28,198.5,238148.0
2026-08-11T13:30:43.833148-04:00,2026-08-11 13:00:00-04:00,198.48,198.54,197.74,197.94,135119.0
2026-08-11T13:31:04.024296-04:00,2026-08-11 12:00:00-04:00,198.99,199.28,198.4,198.66,194435.0
2026-08-11T13:31:04.024296-04:00,2026-08-11 12:30:00-04:00,198.66,199.17,198.28,198.5,238148.0
2026-08-11T13:31:04.024296-04:00,2026-08-11 13:00:00-04:00,198.48,198.54,197.74,198.02,137897.0
2026-08-11T13:31:24.207692-04:00,2026-08-11 12:00:00-04:00,198.99,199.28,198.4,198.66,194435.0
2026-08-11T13:31:24.207692-04:00,2026-08-11 12:30:00-04:00,198.66,199.17,198.28,198.5,238148.0
2026-08-11T13:31:24.207692-04:00,2026-08-11 13:00:00-04:00,198.48,198.54,197.74,198.02,137897.0
2026-08-11T13:31:44.393042-04:00,2026-08-11 12:00:00-04:00,198.99,199.28,198.4,198.66,194435.0
2026-08-11T13:31:44.393042-04:00,2026-08-11 12:30:00-04:00,198.66,199.17,198.28,198.5,238148.0
2026-08-11T13:31:44.393042-04:00,2026-08-11 13:00:00-04:00,198.48,198.54,197.74,197.96,141295.0
2026-08-11T13:32:04.577140-04:00,2026-08-11 12:00:00-04:00,198.99,199.28,198.4,198.66,194435.0
2026-08-11T13:32:04.577140-04:00,2026-08-11 12:30:00-04:00,198.66,199.17,198.28,198.5,238148.0
2026-08-11T13:32:04.577140-04:00,2026-08-11 13:00:00-04:00,198.48,198.54,197.74,197.94,142961.0
2026-08-11T13:32:24.761948-04:00,2026-08-11 12:00:00-04:00,198.99,199.28,198.4,198.66,194435.0
2026-08-11T13:32:24.761948-04:00,2026-08-11 12:30:00-04:00,198.66,199.17,198.28,198.5,238148.0
2026-08-11T13:32:24.761948-04:00,2026-08-11 13:00:00-04:00,198.48,198.54,197.74,197.94,142961.0
2026-08-11T13:32:44.955576-04:00,2026-08-11 12:00:00-04:00,198.99,199.28,198.4,198.66,194435.0
2026-08-11T13:32:44.955576-04:00,2026-08-11 12:30:00-04:00,198.66,199.17,198.28,198.5,238148.0
2026-08-11T13:32:44.955576-04:00,2026-08-11 13:00:00-04:00,198.48,198.54,197.74,197.91,146327.0
2026-08-11T13:33:05.145021-04:00,2026-08-11 12:00:00-04:00,198.99,199.28,198.4,198.66,194435.0
2026-08-11T13:33:05.145021-04:00,2026-08-11 12:30:00-04:00,198.66,199.17,198.28,198.5,238148.0
2026-08-11T13:33:05.145021-04:00,2026-08-11 13:00:00-04:00,198.48,198.54,197.74,198.02,147561.0
2026-08-11T13:33:25.336465-04:00,2026-08-11 12:00:00-04:00,198.99,199.28,198.4,198.66,194435.0
2026-08-11T13:33:25.336465-04:00,2026-08-11 12:30:00-04:00,198.66,199.17,198.28,198.5,238148.0
2026-08-11T13:33:25.336465-04:00,2026-08-11 13:00:00-04:00,198.48,198.54,197.74,198.02,147561.0
2026-08-11T13:33:45.528230-04:00,2026-08-11 12:00:00-04:00,198.99,199.28,198.4,198.66,194435.0
2026-08-11T13:33:45.528230-04:00,2026-08-11 12:30:00-04:00,198.66,199.17,198.28,198.5,238148.0
2026-08-11T13:33:45.528230-04:00,2026-08-11 13:00:00-04:00,198.48,198.54,197.74,198.04,153680.0
2026-08-11T13:34:05.720067-04:00,2026-08-11 12:00:00-04:00,198.99,199.28,198.4,198.66,194435.0
2026-08-11T13:34:05.720067-04:00,2026-08-11 12:30:00-04:00,198.66,199.17,198.28,198.5,238148.0
2026-08-11T13:34:05.720067-04:00,2026-08-11 13:00:00-04:00,198.48,198.54,197.74,198.03,156072.0
2026-08-11T13:34:25.905145-04:00,2026-08-11 12:00:00-04:00,198.99,199.28,198.4,198.66,194435.0
2026-08-11T13:34:25.905145-04:00,2026-08-11 12:30:00-04:00,198.66,199.17,198.28,198.5,238148.0
2026-08-11T13:34:25.905145-04:00,2026-08-11 13:00:00-04:00,198.48,198.54,197.74,198.03,156072.0
2026-08-11T13:34:46.098437-04:00,2026-08-11 12:00:00-04:00,198.99,199.28,198.4,198.66,194435.0
2026-08-11T13:34:46.098437-04:00,2026-08-11 12:30:00-04:00,198.66,199.17,198.28,198.5,238148.0
2026-08-11T13:34:46.098437-04:00,2026-08-11 13:00:00-04:00,198.48,198.54,197.74,198.12,161004.0
2026-08-11T13:35:06.284942-04:00,2026-08-11 12:00:00-04:00,198.99,199.28,198.4,198.66,194435.0
2026-08-11T13:35:06.284942-04:00,2026-08-11 12:30:00-04:00,198.66,199.17,198.28,198.5,238148.0
2026-08-11T13:35:06.284942-04:00,2026-08-11 13:00:00-04:00,198.48,198.54,197.74,198.07,166389.0
2026-08-11T13:35:26.595433-04:00,2026-08-11 12:00:00-04:00,198.99,199.28,198.4,198.66,194435.0
2026-08-11T13:35:26.595433-04:00,2026-08-11 12:30:00-04:00,198.66,199.17,198.28,198.5,238148.0
2026-08-11T13:35:26.595433-04:00,2026-08-11 13:00:00-04:00,198.48,198.54,197.74,198.07,166389.0
2026-08-11T13:35:46.774355-04:00,2026-08-11 12:00:00-04:00,198.99,199.28,198.4,198.66,194435.0
2026-08-11T13:35:46.774355-04:00,2026-08-11 12:30:00-04:00,198.66,199.17,198.28,198.5,238148.0
2026-08-11T13:35:46.774355-04:00,2026-08-11 13:00:00-04:00,198.48,198.54,197.74,198.17,182931.0
2026-08-11T13:36:06.960549-04:00,2026-08-11 12:00:00-04:00,198.99,199.28,198.4,198.66,194435.0
2026-08-11T13:36:06.960549-04:00,2026-08-11 12:30:00-04:00,198.66,199.17,198.28,198.5,238148.0
2026-08-11T13:36:06.960549-04:00,2026-08-11 13:00:00-04:00,198.48,198.54,197.74,198.16,188228.0
2026-08-11T13:36:27.143472-04:00,2026-08-11 12:00:00-04:00,198.99,199.28,198.4,198.66,194435.0
2026-08-11T13:36:27.143472-04:00,2026-08-11 12:30:00-04:00,198.66,199.17,198.28,198.5,238148.0
2026-08-11T13:36:27.143472-04:00,2026-08-11 13:00:00-04:00,198.48,198.54,197.74,198.16,188228.0
2026-08-11T13:36:47.332846-04:00,2026-08-11 12:00:00-04:00,198.99,199.28,198.4,198.66,194435.0
2026-08-11T13:36:47.332846-04:00,2026-08-11 12:30:00-04:00,198.66,199.17,198.28,198.5,238148.0
2026-08-11T13:36:47.332846-04:00,2026-08-11 13:00:00-04:00,198.48,198.54,197.74,197.94,200550.0
2026-08-11T13:37:07.519791-04:00,2026-08-11 12:00:00-04:00,198.99,199.28,198.4,198.66,194435.0
2026-08-11T13:37:07.519791-04:00,2026-08-11 12:30:00-04:00,198.66,199.17,198.28,198.5,238148.0
2026-08-11T13:37:07.519791-04:00,2026-08-11 13:00:00-04:00,198.48,198.54,197.74,198.2,207234.0
2026-08-11T13:37:27.701511-04:00,2026-08-11 12:00:00-04:00,198.99,199.28,198.4,198.66,194435.0
2026-08-11T13:37:27.701511-04:00,2026-08-11 12:30:00-04:00,198.66,199.17,198.28,198.5,238148.0
2026-08-11T13:37:27.701511-04:00,2026-08-11 13:00:00-04:00,198.48,198.54,197.74,198.2,207234.0
2026-08-11T13:37:47.881486-04:00,2026-08-11 12:00:00-04:00,198.99,199.28,198.4,198.66,194435.0
2026-08-11T13:37:47.881486-04:00,2026-08-11 12:30:00-04:00,198.66,199.17,198.28,198.5,238148.0
2026-08-11T13:37:47.881486-04:00,2026-08-11 13:00:00-04:00,198.48,198.54,197.74,198.1,213358.0
2026-08-11T13:38:08.068958-04:00,2026-08-11 12:00:00-04:00,198.99,199.28,198.4,198.66,194435.0
2026-08-11T13:38:08.068958-04:00,2026-08-11 12:30:00-04:00,198.66,199.17,198.28,198.5,238148.0
2026-08-11T13:38:08.068958-04:00,2026-08-11 13:00:00-04:00,198.48,198.54,197.74,198.01,215097.0
2026-08-11T13:38:28.261085-04:00,2026-08-11 12:00:00-04:00,198.99,199.28,198.4,198.66,194435.0
2026-08-11T13:38:28.261085-04:00,2026-08-11 12:30:00-04:00,198.66,199.17,198.28,198.5,238148.0
2026-08-11T13:38:28.261085-04:00,2026-08-11 13:00:00-04:00,198.48,198.54,197.74,198.01,215097.0
2026-08-11T13:38:48.449180-04:00,2026-08-11 12:00:00-04:00,198.99,199.28,198.4,198.66,194435.0
2026-08-11T13:38:48.449180-04:00,2026-08-11 12:30:00-04:00,198.66,199.17,198.28,198.5,238148.0
2026-08-11T13:38:48.449180-04:00,2026-08-11 13:00:00-04:00,198.48,198.54,197.74,197.88,217912.0
2026-08-11T13:39:08.634146-04:00,2026-08-11 12:00:00-04:00,198.99,199.28,198.4,198.66,194435.0
2026-08-11T13:39:08.634146-04:00,2026-08-11 12:30:00-04:00,198.66,199.17,198.28,198.5,238148.0
2026-08-11T13:39:08.634146-04:00,2026-08-11 13:00:00-04:00,198.48,198.54,197.74,197.88,219451.0
2026-08-11T13:39:28.827469-04:00,2026-08-11 12:00:00-04:00,198.99,199.28,198.4,198.66,194435.0
2026-08-11T13:39:28.827469-04:00,2026-08-11 12:30:00-04:00,198.66,199.17,198.28,198.5,238148.0
2026-08-11T13:39:28.827469-04:00,2026-08-11 13:00:00-04:00,198.48,198.54,197.74,197.88,219451.0
2026-08-11T13:39:49.016247-04:00,2026-08-11 12:00:00-04:00,198.99,199.28,198.4,198.66,194435.0
2026-08-11T13:39:49.016247-04:00,2026-08-11 12:30:00-04:00,198.66,199.17,198.28,198.5,238148.0
2026-08-11T13:39:49.016247-04:00,2026-08-11 13:00:00-04:00,198.48,198.54,197.74,197.89,223250.0
2026-08-11T13:59:09.313707-04:00,2026-08-11 12:30:00-04:00,198.66,199.17,198.28,198.5,238148.0
2026-08-11T13:59:09.313707-04:00,2026-08-11 13:00:00-04:00,198.48,198.54,197.63,197.64,254898.0
2026-08-11T13:59:09.313707-04:00,2026-08-11 13:30:00-04:00,197.64,198.37,197.52,197.99,166790.0
2026-08-11T13:59:30.061484-04:00,2026-08-11 12:30:00-04:00,198.66,199.17,198.28,198.5,238148.0
2026-08-11T13:59:30.061484-04:00,2026-08-11 13:00:00-04:00,198.48,198.54,197.63,197.64,254898.0
2026-08-11T13:59:30.061484-04:00,2026-08-11 13:30:00-04:00,197.64,198.37,197.52,197.9,168064.0
2026-08-11T13:59:50.248609-04:00,2026-08-11 12:30:00-04:00,198.66,199.17,198.28,198.5,238148.0
2026-08-11T13:59:50.248609-04:00,2026-08-11 13:00:00-04:00,198.48,198.54,197.63,197.64,254898.0
2026-08-11T13:59:50.248609-04:00,2026-08-11 13:30:00-04:00,197.64,198.37,197.52,197.9,168064.0
2026-08-11T14:00:10.441588-04:00,2026-08-11 12:30:00-04:00,198.66,199.17,198.28,198.5,238148.0
2026-08-11T14:00:10.441588-04:00,2026-08-11 13:00:00-04:00,198.48,198.54,197.63,197.64,254898.0
2026-08-11T14:00:10.441588-04:00,2026-08-11 13:30:00-04:00,197.64,198.37,197.52,197.88,171055.0
2026-08-11T14:00:30.902091-04:00,2026-08-11 12:30:00-04:00,198.66,199.17,198.28,198.5,238148.0
2026-08-11T14:00:30.902091-04:00,2026-08-11 13:00:00-04:00,198.48,198.54,197.63,197.64,254898.0
2026-08-11T14:00:30.902091-04:00,2026-08-11 13:30:00-04:00,197.64,198.37,197.52,197.94,176563.0
2026-08-11T14:00:51.112078-04:00,2026-08-11 12:30:00-04:00,198.66,199.17,198.28,198.5,238148.0
2026-08-11T14:00:51.112078-04:00,2026-08-11 13:00:00-04:00,198.48,198.54,197.63,197.64,254898.0
2026-08-11T14:00:51.112078-04:00,2026-08-11 13:30:00-04:00,197.64,198.37,197.52,197.94,176563.0
2026-08-11T14:01:11.312172-04:00,2026-08-11 12:30:00-04:00,198.66,199.17,198.28,198.5,238148.0
2026-08-11T14:01:11.312172-04:00,2026-08-11 13:00:00-04:00,198.48,198.54,197.63,197.64,254898.0
2026-08-11T14:01:11.312172-04:00,2026-08-11 13:30:00-04:00,197.64,198.37,197.52,198.0,178685.0
2026-08-11T14:01:31.511596-04:00,2026-08-11 12:30:00-04:00,198.66,199.17,198.28,198.5,238148.0
2026-08-11T14:01:31.511596-04:00,2026-08-11 13:00:00-04:00,198.48,198.54,197.63,197.64,254898.0
2026-08-11T14:01:31.511596-04:00,2026-08-11 13:30:00-04:00,197.64,198.37,197.52,197.98,180351.0
2026-08-11T14:01:51.791272-04:00,2026-08-11 12:30:00-04:00,198.66,199.17,198.28,198.5,238148.0
2026-08-11T14:01:51.791272-04:00,2026-08-11 13:00:00-04:00,198.48,198.54,197.63,197.64,254898.0
2026-08-11T14:01:51.791272-04:00,2026-08-11 13:30:00-04:00,197.64,198.37,197.52,197.98,180351.0
2026-08-11T14:02:11.974094-04:00,2026-08-11 12:30:00-04:00,198.66,199.17,198.28,198.5,238148.0
2026-08-11T14:02:11.974094-04:00,2026-08-11 13:00:00-04:00,198.48,198.54,197.63,197.64,254898.0
2026-08-11T14:02:11.974094-04:00,2026-08-11 13:30:00-04:00,197.64,198.37,197.52,198.08,182299.0
2026-08-11T14:02:32.173633-04:00,2026-08-11 12:30:00-04:00,198.66,199.17,198.28,198.5,238148.0
2026-08-11T14:02:32.173633-04:00,2026-08-11 13:00:00-04:00,198.48,198.54,197.63,197.64,254898.0
2026-08-11T14:02:32.173633-04:00,2026-08-11 13:30:00-04:00,197.64,198.37,197.52,197.94,185359.0
2026-08-11T14:02:52.365205-04:00,2026-08-11 12:30:00-04:00,198.66,199.17,198.28,198.5,238148.0
2026-08-11T14:02:52.365205-04:00,2026-08-11 13:00:00-04:00,198.48,198.54,197.63,197.64,254898.0
2026-08-11T14:02:52.365205-04:00,2026-08-11 13:30:00-04:00,197.64,198.37,197.52,197.94,185359.0
2026-08-11T14:03:12.553866-04:00,2026-08-11 12:30:00-04:00,198.66,199.17,198.28,198.5,238148.0
2026-08-11T14:03:12.553866-04:00,2026-08-11 13:00:00-04:00,198.48,198.54,197.63,197.64,254898.0
2026-08-11T14:03:12.553866-04:00,2026-08-11 13:30:00-04:00,197.64,198.37,197.52,198.05,186374.0
2026-08-11T14:03:32.754706-04:00,2026-08-11 12:30:00-04:00,198.66,199.17,198.28,198.5,238148.0
2026-08-11T14:03:32.754706-04:00,2026-08-11 13:00:00-04:00,198.48,198.54,197.63,197.64,254898.0
2026-08-11T14:03:32.754706-04:00,2026-08-11 13:30:00-04:00,197.64,198.37,197.52,198.16,188321.0
2026-08-11T14:03:52.944283-04:00,2026-08-11 12:30:00-04:00,198.66,199.17,198.28,198.5,238148.0
2026-08-11T14:03:52.944283-04:00,2026-08-11 13:00:00-04:00,198.48,198.54,197.63,197.64,254898.0
2026-08-11T14:03:52.944283-04:00,2026-08-11 13:30:00-04:00,197.64,198.37,197.52,198.16,188321.0
2026-08-11T14:04:13.133468-04:00,2026-08-11 12:30:00-04:00,198.66,199.17,198.28,198.5,238148.0
2026-08-11T14:04:13.133468-04:00,2026-08-11 13:00:00-04:00,198.48,198.54,197.63,197.64,254898.0
2026-08-11T14:04:13.133468-04:00,2026-08-11 13:30:00-04:00,197.64,198.37,197.52,198.1,191590.0
2026-08-11T14:04:33.327168-04:00,2026-08-11 12:30:00-04:00,198.66,199.17,198.28,198.5,238148.0
2026-08-11T14:04:33.327168-04:00,2026-08-11 13:00:00-04:00,198.48,198.54,197.63,197.64,254898.0
2026-08-11T14:04:33.327168-04:00,2026-08-11 13:30:00-04:00,197.64,198.37,197.52,198.02,193703.0
2026-08-11T14:04:53.516051-04:00,2026-08-11 12:30:00-04:00,198.66,199.17,198.28,198.5,238148.0
2026-08-11T14:04:53.516051-04:00,2026-08-11 13:00:00-04:00,198.48,198.54,197.63,197.64,254898.0
2026-08-11T14:04:53.516051-04:00,2026-08-11 13:30:00-04:00,197.64,198.37,197.52,198.02,193703.0
2026-08-11T14:05:13.709454-04:00,2026-08-11 12:30:00-04:00,198.66,199.17,198.28,198.5,238148.0
2026-08-11T14:05:13.709454-04:00,2026-08-11 13:00:00-04:00,198.48,198.54,197.63,197.64,254898.0
2026-08-11T14:05:13.709454-04:00,2026-08-11 13:30:00-04:00,197.64,198.37,197.52,197.99,195887.0
2026-08-11T14:05:33.902969-04:00,2026-08-11 12:30:00-04:00,198.66,199.17,198.28,198.5,238148.0
2026-08-11T14:05:33.902969-04:00,2026-08-11 13:00:00-04:00,198.48,198.54,197.63,197.64,254898.0
2026-08-11T14:05:33.902969-04:00,2026-08-11 13:30:00-04:00,197.64,198.37,197.52,198.13,197892.0
2026-08-11T14:05:54.097031-04:00,2026-08-11 12:30:00-04:00,198.66,199.17,198.28,198.5,238148.0
2026-08-11T14:05:54.097031-04:00,2026-08-11 13:00:00-04:00,198.48,198.54,197.63,197.64,254898.0
2026-08-11T14:05:54.097031-04:00,2026-08-11 13:30:00-04:00,197.64,198.37,197.52,198.13,197892.0
2026-08-11T14:06:14.289408-04:00,2026-08-11 12:30:00-04:00,198.66,199.17,198.28,198.5,238148.0
2026-08-11T14:06:14.289408-04:00,2026-08-11 13:00:00-04:00,198.48,198.54,197.63,197.64,254898.0
2026-08-11T14:06:14.289408-04:00,2026-08-11 13:30:00-04:00,197.64,198.37,197.52,198.18,205516.0
2026-08-11T14:06:34.484783-04:00,2026-08-11 12:30:00-04:00,198.66,199.17,198.28,198.5,238148.0
2026-08-11T14:06:34.484783-04:00,2026-08-11 13:00:00-04:00,198.48,198.54,197.63,197.64,254898.0
2026-08-11T14:06:34.484783-04:00,2026-08-11 13:30:00-04:00,197.64,198.37,197.52,198.19,208518.0
2026-08-11T14:06:54.673170-04:00,2026-08-11 12:30:00-04:00,198.66,199.17,198.28,198.5,238148.0
2026-08-11T14:06:54.673170-04:00,2026-08-11 13:00:00-04:00,198.48,198.54,197.63,197.64,254898.0
2026-08-11T14:06:54.673170-04:00,2026-08-11 13:30:00-04:00,197.64,198.37,197.52,198.19,208518.0
2026-08-11T14:07:14.867193-04:00,2026-08-11 12:30:00-04:00,198.66,199.17,198.28,198.5,238148.0
2026-08-11T14:07:14.867193-04:00,2026-08-11 13:00:00-04:00,198.48,198.54,197.63,197.64,254898.0
2026-08-11T14:07:14.867193-04:00,2026-08-11 13:30:00-04:00,197.64,198.37,197.52,198.19,213221.0
2026-08-11T14:07:35.067318-04:00,2026-08-11 12:30:00-04:00,198.66,199.17,198.28,198.5,238148.0
2026-08-11T14:07:35.067318-04:00,2026-08-11 13:00:00-04:00,198.48,198.54,197.63,197.64,254898.0
2026-08-11T14:07:35.067318-04:00,2026-08-11 13:30:00-04:00,197.64,198.37,197.52,198.14,216696.0
2026-08-11T14:07:55.414170-04:00,2026-08-11 12:30:00-04:00,198.66,199.17,198.28,198.5,238148.0
2026-08-11T14:07:55.414170-04:00,2026-08-11 13:00:00-04:00,198.48,198.54,197.63,197.64,254898.0
2026-08-11T14:07:55.414170-04:00,2026-08-11 13:30:00-04:00,197.64,198.37,197.52,198.14,216696.0
2026-08-11T14:08:15.611869-04:00,2026-08-11 12:30:00-04:00,198.66,199.17,198.28,198.5,238148.0
2026-08-11T14:08:15.611869-04:00,2026-08-11 13:00:00-04:00,198.48,198.54,197.63,197.64,254898.0
2026-08-11T14:08:15.611869-04:00,2026-08-11 13:30:00-04:00,197.64,198.37,197.52,198.28,219761.0
2026-08-11T14:08:35.817385-04:00,2026-08-11 12:30:00-04:00,198.66,199.17,198.28,198.5,238148.0
2026-08-11T14:08:35.817385-04:00,2026-08-11 13:00:00-04:00,198.48,198.54,197.63,197.64,254898.0
2026-08-11T14:08:35.817385-04:00,2026-08-11 13:30:00-04:00,197.64,198.39,197.52,198.39,226336.0
2026-08-11T14:08:56.011037-04:00,2026-08-11 12:30:00-04:00,198.66,199.17,198.28,198.5,238148.0
2026-08-11T14:08:56.011037-04:00,2026-08-11 13:00:00-04:00,198.48,198.54,197.63,197.64,254898.0
2026-08-11T14:08:56.011037-04:00,2026-08-11 13:30:00-04:00,197.64,198.39,197.52,198.39,226336.0
2026-08-11T14:09:16.198646-04:00,2026-08-11 12:30:00-04:00,198.66,199.17,198.28,198.5,238148.0
2026-08-11T14:09:16.198646-04:00,2026-08-11 13:00:00-04:00,198.48,198.54,197.63,197.64,254898.0
2026-08-11T14:09:16.198646-04:00,2026-08-11 13:30:00-04:00,197.64,198.4,197.52,198.36,236632.0
2026-08-11T14:09:36.394592-04:00,2026-08-11 12:30:00-04:00,198.66,199.17,198.28,198.5,238148.0
2026-08-11T14:09:36.394592-04:00,2026-08-11 13:00:00-04:00,198.48,198.54,197.63,197.64,254898.0
2026-08-11T14:09:36.394592-04:00,2026-08-11 13:30:00-04:00,197.64,198.49,197.52,198.42,238284.0
2026-08-11T14:09:56.588573-04:00,2026-08-11 12:30:00-04:00,198.66,199.17,198.28,198.5,238148.0
2026-08-11T14:09:56.588573-04:00,2026-08-11 13:00:00-04:00,198.48,198.54,197.63,197.64,254898.0
2026-08-11T14:09:56.588573-04:00,2026-08-11 13:30:00-04:00,197.64,198.49,197.52,198.42,238284.0
2026-08-11T14:29:16.895233-04:00,2026-08-11 13:00:00-04:00,198.48,198.54,197.63,197.64,254898.0
2026-08-11T14:29:16.895233-04:00,2026-08-11 13:30:00-04:00,197.64,198.49,197.52,198.19,269764.0
2026-08-11T14:29:16.895233-04:00,2026-08-11 14:00:00-04:00,198.18,198.42,197.89,198.07,121083.0
2026-08-11T14:29:37.665906-04:00,2026-08-11 13:00:00-04:00,198.48,198.54,197.63,197.64,254898.0
2026-08-11T14:29:37.665906-04:00,2026-08-11 13:30:00-04:00,197.64,198.49,197.52,198.19,269764.0
2026-08-11T14:29:37.665906-04:00,2026-08-11 14:00:00-04:00,198.18,198.42,197.89,198.2,127713.0
2026-08-11T14:29:57.860747-04:00,2026-08-11 13:00:00-04:00,198.48,198.54,197.63,197.64,254898.0
2026-08-11T14:29:57.860747-04:00,2026-08-11 13:30:00-04:00,197.64,198.49,197.52,198.19,269764.0
2026-08-11T14:29:57.860747-04:00,2026-08-11 14:00:00-04:00,198.18,198.42,197.89,198.2,127713.0
2026-08-11T14:30:18.053457-04:00,2026-08-11 13:00:00-04:00,198.48,198.54,197.63,197.64,254898.0
2026-08-11T14:30:18.053457-04:00,2026-08-11 13:30:00-04:00,197.64,198.49,197.52,198.19,269764.0
2026-08-11T14:30:18.053457-04:00,2026-08-11 14:00:00-04:00,198.18,198.42,197.89,198.26,129161.0
2026-08-11T14:30:38.242896-04:00,2026-08-11 13:00:00-04:00,198.48,198.54,197.63,197.64,254898.0
2026-08-11T14:30:38.242896-04:00,2026-08-11 13:30:00-04:00,197.64,198.49,197.52,198.19,269764.0
2026-08-11T14:30:38.242896-04:00,2026-08-11 14:00:00-04:00,198.18,198.46,197.89,198.46,131320.0
2026-08-11T14:30:58.430683-04:00,2026-08-11 13:00:00-04:00,198.48,198.54,197.63,197.64,254898.0
2026-08-11T14:30:58.430683-04:00,2026-08-11 13:30:00-04:00,197.64,198.49,197.52,198.19,269764.0
2026-08-11T14:30:58.430683-04:00,2026-08-11 14:00:00-04:00,198.18,198.46,197.89,198.46,131320.0
2026-08-11T14:31:18.618606-04:00,2026-08-11 13:00:00-04:00,198.48,198.54,197.63,197.64,254898.0
2026-08-11T14:31:18.618606-04:00,2026-08-11 13:30:00-04:00,197.64,198.49,197.52,198.19,269764.0
2026-08-11T14:31:18.618606-04:00,2026-08-11 14:00:00-04:00,198.18,198.48,197.89,198.41,135213.0
2026-08-11T14:31:38.807442-04:00,2026-08-11 13:00:00-04:00,198.48,198.54,197.63,197.64,254898.0
2026-08-11T14:31:38.807442-04:00,2026-08-11 13:30:00-04:00,197.64,198.49,197.52,198.19,269764.0
2026-08-11T14:31:38.807442-04:00,2026-08-11 14:00:00-04:00,198.18,198.48,197.89,198.37,137526.0
2026-08-11T14:31:58.995985-04:00,2026-08-11 13:00:00-04:00,198.48,198.54,197.63,197.64,254898.0
2026-08-11T14:31:58.995985-04:00,2026-08-11 13:30:00-04:00,197.64,198.49,197.52,198.19,269764.0
2026-08-11T14:31:58.995985-04:00,2026-08-11 14:00:00-04:00,198.18,198.49,197.89,198.46,142863.0
2026-08-11T14:32:19.193460-04:00,2026-08-11 13:00:00-04:00,198.48,198.54,197.63,197.64,254898.0
2026-08-11T14:32:19.193460-04:00,2026-08-11 13:30:00-04:00,197.64,198.49,197.52,198.19,269764.0
2026-08-11T14:32:19.193460-04:00,2026-08-11 14:00:00-04:00,198.18,198.49,197.89,198.46,142863.0
2026-08-11T14:32:39.379244-04:00,2026-08-11 13:00:00-04:00,198.48,198.54,197.63,197.64,254898.0
2026-08-11T14:32:39.379244-04:00,2026-08-11 13:30:00-04:00,197.64,198.49,197.52,198.19,269764.0
2026-08-11T14:32:39.379244-04:00,2026-08-11 14:00:00-04:00,198.18,198.49,197.89,198.35,147041.0
2026-08-11T14:32:59.566263-04:00,2026-08-11 13:00:00-04:00,198.48,198.54,197.63,197.64,254898.0
2026-08-11T14:32:59.566263-04:00,2026-08-11 13:30:00-04:00,197.64,198.49,197.52,198.19,269764.0
2026-08-11T14:32:59.566263-04:00,2026-08-11 14:00:00-04:00,198.18,198.49,197.89,198.35,148625.0
2026-08-11T14:33:19.761497-04:00,2026-08-11 13:00:00-04:00,198.48,198.54,197.63,197.64,254898.0
2026-08-11T14:33:19.761497-04:00,2026-08-11 13:30:00-04:00,197.64,198.49,197.52,198.19,269764.0
2026-08-11T14:33:19.761497-04:00,2026-08-11 14:00:00-04:00,198.18,198.49,197.89,198.35,148625.0
2026-08-11T14:33:39.956245-04:00,2026-08-11 13:00:00-04:00,198.48,198.54,197.63,197.64,254898.0
2026-08-11T14:33:39.956245-04:00,2026-08-11 13:30:00-04:00,197.64,198.49,197.52,198.19,269764.0
2026-08-11T14:33:39.956245-04:00,2026-08-11 14:00:00-04:00,198.18,198.49,197.89,198.39,161292.0
2026-08-11T14:34:00.211790-04:00,2026-08-11 13:00:00-04:00,198.48,198.54,197.63,197.64,254898.0
2026-08-11T14:34:00.211790-04:00,2026-08-11 13:30:00-04:00,197.64,198.49,197.52,198.19,269764.0
2026-08-11T14:34:00.211790-04:00,2026-08-11 14:00:00-04:00,198.18,198.49,197.89,198.31,162845.0
2026-08-11T14:34:20.410564-04:00,2026-08-11 13:00:00-04:00,198.48,198.54,197.63,197.64,254898.0
2026-08-11T14:34:20.410564-04:00,2026-08-11 13:30:00-04:00,197.64,198.49,197.52,198.19,269764.0
2026-08-11T14:34:20.410564-04:00,2026-08-11 14:00:00-04:00,198.18,198.49,197.89,198.31,162845.0
2026-08-11T14:34:40.602605-04:00,2026-08-11 13:00:00-04:00,198.48,198.54,197.63,197.64,254898.0
2026-08-11T14:34:40.602605-04:00,2026-08-11 13:30:00-04:00,197.64,198.49,197.52,198.19,269764.0
2026-08-11T14:34:40.602605-04:00,2026-08-11 14:00:00-04:00,198.18,198.49,197.89,198.28,164316.0
2026-08-11T14:35:00.790225-04:00,2026-08-11 13:00:00-04:00,198.48,198.54,197.63,197.64,254898.0
2026-08-11T14:35:00.790225-04:00,2026-08-11 13:30:00-04:00,197.64,198.49,197.52,198.19,269764.0
2026-08-11T14:35:00.790225-04:00,2026-08-11 14:00:00-04:00,198.18,198.49,197.89,198.18,168826.0
2026-08-11T14:35:20.978979-04:00,2026-08-11 13:00:00-04:00,198.48,198.54,197.63,197.64,254898.0
2026-08-11T14:35:20.978979-04:00,2026-08-11 13:30:00-04:00,197.64,198.49,197.52,198.19,269764.0
2026-08-11T14:35:20.978979-04:00,2026-08-11 14:00:00-04:00,198.18,198.49,197.89,198.18,168826.0
2026-08-11T14:35:41.177778-04:00,2026-08-11 13:00:00-04:00,198.48,198.54,197.63,197.64,254898.0
2026-08-11T14:35:41.177778-04:00,2026-08-11 13:30:00-04:00,197.64,198.49,197.52,198.19,269764.0
2026-08-11T14:35:41.177778-04:00,2026-08-11 14:00:00-04:00,198.18,198.49,197.89,198.13,170455.0
2026-08-11T14:36:01.375190-04:00,2026-08-11 13:00:00-04:00,198.48,198.54,197.63,197.64,254898.0
2026-08-11T14:36:01.375190-04:00,2026-08-11 13:30:00-04:00,197.64,198.49,197.52,198.19,269764.0
2026-08-11T14:36:01.375190-04:00,2026-08-11 14:00:00-04:00,198.18,198.49,197.89,198.08,179754.0
2026-08-11T14:36:21.561931-04:00,2026-08-11 13:00:00-04:00,198.48,198.54,197.63,197.64,254898.0
2026-08-11T14:36:21.561931-04:00,2026-08-11 13:30:00-04:00,197.64,198.49,197.52,198.19,269764.0
2026-08-11T14:36:21.561931-04:00,2026-08-11 14:00:00-04:00,198.18,198.49,197.89,198.08,179754.0
2026-08-11T14:36:41.757989-04:00,2026-08-11 13:00:00-04:00,198.48,198.54,197.63,197.64,254898.0
2026-08-11T14:36:41.757989-04:00,2026-08-11 13:30:00-04:00,197.64,198.49,197.52,198.19,269764.0
2026-08-11T14:36:41.757989-04:00,2026-08-11 14:00:00-04:00,198.18,198.49,197.89,198.09,183677.0
2026-08-11T14:37:01.946170-04:00,2026-08-11 13:00:00-04:00,198.48,198.54,197.63,197.64,254898.0
2026-08-11T14:37:01.946170-04:00,2026-08-11 13:30:00-04:00,197.64,198.49,197.52,198.19,269764.0
2026-08-11T14:37:01.946170-04:00,2026-08-11 14:00:00-04:00,198.18,198.49,197.89,198.27,185978.0
2026-08-11T14:37:22.137411-04:00,2026-08-11 13:00:00-04:00,198.48,198.54,197.63,197.64,254898.0
2026-08-11T14:37:22.137411-04:00,2026-08-11 13:30:00-04:00,197.64,198.49,197.52,198.19,269764.0
2026-08-11T14:37:22.137411-04:00,2026-08-11 14:00:00-04:00,198.18,198.49,197.89,198.27,185978.0
2026-08-11T14:37:42.332569-04:00,2026-08-11 13:00:00-04:00,198.48,198.54,197.63,197.64,254898.0
2026-08-11T14:37:42.332569-04:00,2026-08-11 13:30:00-04:00,197.64,198.49,197.52,198.19,269764.0
2026-08-11T14:37:42.332569-04:00,2026-08-11 14:00:00-04:00,198.18,198.49,197.89,198.26,187934.0
2026-08-11T14:38:02.525025-04:00,2026-08-11 13:00:00-04:00,198.48,198.54,197.63,197.64,254898.0
2026-08-11T14:38:02.525025-04:00,2026-08-11 13:30:00-04:00,197.64,198.49,197.52,198.19,269764.0
2026-08-11T14:38:02.525025-04:00,2026-08-11 14:00:00-04:00,198.18,198.49,197.89,198.32,190398.0
2026-08-11T14:38:22.716822-04:00,2026-08-11 13:00:00-04:00,198.48,198.54,197.63,197.64,254898.0
2026-08-11T14:38:22.716822-04:00,2026-08-11 13:30:00-04:00,197.64,198.49,197.52,198.19,269764.0
2026-08-11T14:38:22.716822-04:00,2026-08-11 14:00:00-04:00,198.18,198.49,197.89,198.32,190398.0
2026-08-11T14:38:42.916554-04:00,2026-08-11 13:00:00-04:00,198.48,198.54,197.63,197.64,254898.0
2026-08-11T14:38:42.916554-04:00,2026-08-11 13:30:00-04:00,197.64,198.49,197.52,198.19,269764.0
2026-08-11T14:38:42.916554-04:00,2026-08-11 14:00:00-04:00,198.18,198.49,197.89,198.12,194567.0
2026-08-11T14:39:03.116360-04:00,2026-08-11 13:00:00-04:00,198.48,198.54,197.63,197.64,254898.0
2026-08-11T14:39:03.116360-04:00,2026-08-11 13:30:00-04:00,197.64,198.49,197.52,198.19,269764.0
2026-08-11T14:39:03.116360-04:00,2026-08-11 14:00:00-04:00,198.18,198.49,197.89,198.18,196313.0
2026-08-11T14:39:23.312552-04:00,2026-08-11 13:00:00-04:00,198.48,198.54,197.63,197.64,254898.0
2026-08-11T14:39:23.312552-04:00,2026-08-11 13:30:00-04:00,197.64,198.49,197.52,198.19,269764.0
2026-08-11T14:39:23.312552-04:00,2026-08-11 14:00:00-04:00,198.18,198.49,197.89,198.18,196313.0
2026-08-11T14:39:43.509700-04:00,2026-08-11 13:00:00-04:00,198.48,198.54,197.63,197.64,254898.0
2026-08-11T14:39:43.509700-04:00,2026-08-11 13:30:00-04:00,197.64,198.49,197.52,198.19,269764.0
2026-08-11T14:39:43.509700-04:00,2026-08-11 14:00:00-04:00,198.18,198.49,197.89,198.3,199651.0
2026-08-11T14:59:03.840844-04:00,2026-08-11 13:30:00-04:00,197.64,198.49,197.52,198.19,269764.0
2026-08-11T14:59:03.840844-04:00,2026-08-11 14:00:00-04:00,198.18,198.49,197.5,197.71,286906.0
2026-08-11T14:59:03.840844-04:00,2026-08-11 14:30:00-04:00,197.75,199.19,197.75,199.13,150224.0
2026-08-11T14:59:24.629339-04:00,2026-08-11 13:30:00-04:00,197.64,198.49,197.52,198.19,269764.0
2026-08-11T14:59:24.629339-04:00,2026-08-11 14:00:00-04:00,198.18,198.49,197.5,197.71,286906.0
2026-08-11T14:59:24.629339-04:00,2026-08-11 14:30:00-04:00,197.75,199.19,197.75,199.13,150224.0
2026-08-11T14:59:44.824090-04:00,2026-08-11 13:30:00-04:00,197.64,198.49,197.52,198.19,269764.0
2026-08-11T14:59:44.824090-04:00,2026-08-11 14:00:00-04:00,198.18,198.49,197.5,197.71,286906.0
2026-08-11T14:59:44.824090-04:00,2026-08-11 14:30:00-04:00,197.75,199.36,197.75,199.23,154446.0
2026-08-11T15:00:05.014543-04:00,2026-08-11 13:30:00-04:00,197.64,198.49,197.52,198.19,269764.0
2026-08-11T15:00:05.014543-04:00,2026-08-11 14:00:00-04:00,198.18,198.49,197.5,197.71,286906.0
2026-08-11T15:00:05.014543-04:00,2026-08-11 14:30:00-04:00,197.75,199.36,197.75,199.16,159156.0
2026-08-11T15:00:25.204334-04:00,2026-08-11 13:30:00-04:00,197.64,198.49,197.52,198.19,269764.0
2026-08-11T15:00:25.204334-04:00,2026-08-11 14:00:00-04:00,198.18,198.49,197.5,197.71,286906.0
2026-08-11T15:00:25.204334-04:00,2026-08-11 14:30:00-04:00,197.75,199.36,197.75,199.16,159156.0
2026-08-11T15:00:45.421513-04:00,2026-08-11 13:30:00-04:00,197.64,198.49,197.52,198.19,269764.0
2026-08-11T15:00:45.421513-04:00,2026-08-11 14:00:00-04:00,198.18,198.49,197.5,197.71,286906.0
2026-08-11T15:00:45.421513-04:00,2026-08-11 14:30:00-04:00,197.75,199.36,197.75,199.23,162462.0
2026-08-11T15:01:05.627367-04:00,2026-08-11 13:30:00-04:00,197.64,198.49,197.52,198.19,269764.0
2026-08-11T15:01:05.627367-04:00,2026-08-11 14:00:00-04:00,198.18,198.49,197.5,197.71,286906.0
2026-08-11T15:01:05.627367-04:00,2026-08-11 14:30:00-04:00,197.75,199.36,197.75,199.19,165599.0
2026-08-11T15:01:25.829099-04:00,2026-08-11 13:30:00-04:00,197.64,198.49,197.52,198.19,269764.0
2026-08-11T15:01:25.829099-04:00,2026-08-11 14:00:00-04:00,198.18,198.49,197.5,197.71,286906.0
2026-08-11T15:01:25.829099-04:00,2026-08-11 14:30:00-04:00,197.75,199.36,197.75,199.19,165599.0
2026-08-11T15:01:46.036660-04:00,2026-08-11 13:30:00-04:00,197.64,198.49,197.52,198.19,269764.0
2026-08-11T15:01:46.036660-04:00,2026-08-11 14:00:00-04:00,198.18,198.49,197.5,197.71,286906.0
2026-08-11T15:01:46.036660-04:00,2026-08-11 14:30:00-04:00,197.75,199.36,197.75,199.25,172652.0
2026-08-11T15:02:06.227996-04:00,2026-08-11 13:30:00-04:00,197.64,198.49,197.52,198.19,269764.0
2026-08-11T15:02:06.227996-04:00,2026-08-11 14:00:00-04:00,198.18,198.49,197.5,197.71,286906.0
2026-08-11T15:02:06.227996-04:00,2026-08-11 14:30:00-04:00,197.75,199.36,197.75,199.1,174194.0
2026-08-11T15:02:26.420644-04:00,2026-08-11 13:30:00-04:00,197.64,198.49,197.52,198.19,269764.0
2026-08-11T15:02:26.420644-04:00,2026-08-11 14:00:00-04:00,198.18,198.49,197.5,197.71,286906.0
2026-08-11T15:02:26.420644-04:00,2026-08-11 14:30:00-04:00,197.75,199.36,197.75,199.1,174194.0
2026-08-11T15:02:46.650367-04:00,2026-08-11 13:30:00-04:00,197.64,198.49,197.52,198.19,269764.0
2026-08-11T15:02:46.650367-04:00,2026-08-11 14:00:00-04:00,198.18,198.49,197.5,197.71,286906.0
2026-08-11T15:02:46.650367-04:00,2026-08-11 14:30:00-04:00,197.75,199.36,197.75,199.22,177285.0
2026-08-11T15:03:06.837832-04:00,2026-08-11 13:30:00-04:00,197.64,198.49,197.52,198.19,269764.0
2026-08-11T15:03:06.837832-04:00,2026-08-11 14:00:00-04:00,198.18,198.49,197.5,197.71,286906.0
2026-08-11T15:03:06.837832-04:00,2026-08-11 14:30:00-04:00,197.75,199.36,197.75,199.14,181365.0
2026-08-11T15:03:27.058915-04:00,2026-08-11 13:30:00-04:00,197.64,198.49,197.52,198.19,269764.0
2026-08-11T15:03:27.058915-04:00,2026-08-11 14:00:00-04:00,198.18,198.49,197.5,197.71,286906.0
2026-08-11T15:03:27.058915-04:00,2026-08-11 14:30:00-04:00,197.75,199.36,197.75,199.14,181365.0
2026-08-11T15:03:47.248745-04:00,2026-08-11 13:30:00-04:00,197.64,198.49,197.52,198.19,269764.0
2026-08-11T15:03:47.248745-04:00,2026-08-11 14:00:00-04:00,198.18,198.49,197.5,197.71,286906.0
2026-08-11T15:03:47.248745-04:00,2026-08-11 14:30:00-04:00,197.75,199.36,197.75,199.22,184510.0
2026-08-11T15:04:07.433379-04:00,2026-08-11 13:30:00-04:00,197.64,198.49,197.52,198.19,269764.0
2026-08-11T15:04:07.433379-04:00,2026-08-11 14:00:00-04:00,198.18,198.49,197.5,197.71,286906.0
2026-08-11T15:04:07.433379-04:00,2026-08-11 14:30:00-04:00,197.75,199.36,197.75,199.28,187563.0
2026-08-11T15:04:27.626160-04:00,2026-08-11 13:30:00-04:00,197.64,198.49,197.52,198.19,269764.0
2026-08-11T15:04:27.626160-04:00,2026-08-11 14:00:00-04:00,198.18,198.49,197.5,197.71,286906.0
2026-08-11T15:04:27.626160-04:00,2026-08-11 14:30:00-04:00,197.75,199.36,197.75,199.28,187563.0
2026-08-11T15:04:47.821647-04:00,2026-08-11 13:30:00-04:00,197.64,198.49,197.52,198.19,269764.0
2026-08-11T15:04:47.821647-04:00,2026-08-11 14:00:00-04:00,198.18,198.49,197.5,197.71,286906.0
2026-08-11T15:04:47.821647-04:00,2026-08-11 14:30:00-04:00,197.75,199.48,197.75,199.48,189300.0
2026-08-11T15:05:08.003849-04:00,2026-08-11 13:30:00-04:00,197.64,198.49,197.52,198.19,269764.0
2026-08-11T15:05:08.003849-04:00,2026-08-11 14:00:00-04:00,198.18,198.49,197.5,197.71,286906.0
2026-08-11T15:05:08.003849-04:00,2026-08-11 14:30:00-04:00,197.75,199.65,197.75,199.61,193331.0
2026-08-11T15:05:28.224265-04:00,2026-08-11 13:30:00-04:00,197.64,198.49,197.52,198.19,269764.0
2026-08-11T15:05:28.224265-04:00,2026-08-11 14:00:00-04:00,198.18,198.49,197.5,197.71,286906.0
2026-08-11T15:05:28.224265-04:00,2026-08-11 14:30:00-04:00,197.75,199.65,197.75,199.61,193331.0
2026-08-11T15:05:48.422889-04:00,2026-08-11 13:30:00-04:00,197.64,198.49,197.52,198.19,269764.0
2026-08-11T15:05:48.422889-04:00,2026-08-11 14:00:00-04:00,198.18,198.49,197.5,197.71,286906.0
2026-08-11T15:05:48.422889-04:00,2026-08-11 14:30:00-04:00,197.75,199.65,197.75,199.53,199676.0
2026-08-11T15:06:08.606953-04:00,2026-08-11 13:30:00-04:00,197.64,198.49,197.52,198.19,269764.0
2026-08-11T15:06:08.606953-04:00,2026-08-11 14:00:00-04:00,198.18,198.49,197.5,197.71,286906.0
2026-08-11T15:06:08.606953-04:00,2026-08-11 14:30:00-04:00,197.75,199.68,197.75,199.45,201700.0
2026-08-11T15:06:28.801422-04:00,2026-08-11 13:30:00-04:00,197.64,198.49,197.52,198.19,269764.0
2026-08-11T15:06:28.801422-04:00,2026-08-11 14:00:00-04:00,198.18,198.49,197.5,197.71,286906.0
2026-08-11T15:06:28.801422-04:00,2026-08-11 14:30:00-04:00,197.75,199.68,197.75,199.45,201700.0
2026-08-11T15:06:48.986850-04:00,2026-08-11 13:30:00-04:00,197.64,198.49,197.52,198.19,269764.0
2026-08-11T15:06:48.986850-04:00,2026-08-11 14:00:00-04:00,198.18,198.49,197.5,197.71,286906.0
2026-08-11T15:06:48.986850-04:00,2026-08-11 14:30:00-04:00,197.75,199.68,197.75,199.44,203369.0
2026-08-11T15:07:09.195448-04:00,2026-08-11 13:30:00-04:00,197.64,198.49,197.52,198.19,269764.0
2026-08-11T15:07:09.195448-04:00,2026-08-11 14:00:00-04:00,198.18,198.49,197.5,197.71,286906.0
2026-08-11T15:07:09.195448-04:00,2026-08-11 14:30:00-04:00,197.75,199.68,197.75,199.36,205267.0
2026-08-11T15:07:29.383679-04:00,2026-08-11 13:30:00-04:00,197.64,198.49,197.52,198.19,269764.0
2026-08-11T15:07:29.383679-04:00,2026-08-11 14:00:00-04:00,198.18,198.49,197.5,197.71,286906.0
2026-08-11T15:07:29.383679-04:00,2026-08-11 14:30:00-04:00,197.75,199.68,197.75,199.37,206479.0
2026-08-11T15:07:49.577052-04:00,2026-08-11 13:30:00-04:00,197.64,198.49,197.52,198.19,269764.0
2026-08-11T15:07:49.577052-04:00,2026-08-11 14:00:00-04:00,198.18,198.49,197.5,197.71,286906.0
2026-08-11T15:07:49.577052-04:00,2026-08-11 14:30:00-04:00,197.75,199.68,197.75,199.37,206479.0
2026-08-11T15:08:09.766456-04:00,2026-08-11 13:30:00-04:00,197.64,198.49,197.52,198.19,269764.0
2026-08-11T15:08:09.766456-04:00,2026-08-11 14:00:00-04:00,198.18,198.49,197.5,197.71,286906.0
2026-08-11T15:08:09.766456-04:00,2026-08-11 14:30:00-04:00,197.75,199.68,197.75,199.47,207425.0
2026-08-11T15:08:29.972951-04:00,2026-08-11 13:30:00-04:00,197.64,198.49,197.52,198.19,269764.0
2026-08-11T15:08:29.972951-04:00,2026-08-11 14:00:00-04:00,198.18,198.49,197.5,197.71,286906.0
2026-08-11T15:08:29.972951-04:00,2026-08-11 14:30:00-04:00,197.75,199.68,197.75,199.55,209241.0
2026-08-11T15:08:50.172557-04:00,2026-08-11 13:30:00-04:00,197.64,198.49,197.52,198.19,269764.0
2026-08-11T15:08:50.172557-04:00,2026-08-11 14:00:00-04:00,198.18,198.49,197.5,197.71,286906.0
2026-08-11T15:08:50.172557-04:00,2026-08-11 14:30:00-04:00,197.75,199.68,197.75,199.55,209241.0
2026-08-11T15:09:10.359606-04:00,2026-08-11 13:30:00-04:00,197.64,198.49,197.52,198.19,269764.0
2026-08-11T15:09:10.359606-04:00,2026-08-11 14:00:00-04:00,198.18,198.49,197.5,197.71,286906.0
2026-08-11T15:09:10.359606-04:00,2026-08-11 14:30:00-04:00,197.75,199.68,197.75,199.49,212122.0
2026-08-11T15:09:30.545364-04:00,2026-08-11 13:30:00-04:00,197.64,198.49,197.52,198.19,269764.0
2026-08-11T15:09:30.545364-04:00,2026-08-11 14:00:00-04:00,198.18,198.49,197.5,197.71,286906.0
2026-08-11T15:09:30.545364-04:00,2026-08-11 14:30:00-04:00,197.75,199.68,197.75,199.54,214241.0
2026-08-11T15:09:50.764002-04:00,2026-08-11 13:30:00-04:00,197.64,198.49,197.52,198.19,269764.0
2026-08-11T15:09:50.764002-04:00,2026-08-11 14:00:00-04:00,198.18,198.49,197.5,197.71,286906.0
2026-08-11T15:09:50.764002-04:00,2026-08-11 14:30:00-04:00,197.75,199.68,197.75,199.54,214241.0
2026-08-11T15:29:11.060120-04:00,2026-08-11 14:00:00-04:00,198.18,198.49,197.5,197.71,286906.0
2026-08-11T15:29:11.060120-04:00,2026-08-11 14:30:00-04:00,197.75,199.74,197.75,199.36,251350.0
2026-08-11T15:29:11.060120-04:00,2026-08-11 15:00:00-04:00,199.37,199.54,198.6,199.42,145140.0
2026-08-11T15:29:31.858017-04:00,2026-08-11 14:00:00-04:00,198.18,198.49,197.5,197.71,286906.0
2026-08-11T15:29:31.858017-04:00,2026-08-11 14:30:00-04:00,197.75,199.74,197.75,199.36,251350.0
2026-08-11T15:29:31.858017-04:00,2026-08-11 15:00:00-04:00,199.37,199.54,198.6,199.41,150463.0
2026-08-11T15:29:52.067746-04:00,2026-08-11 14:00:00-04:00,198.18,198.49,197.5,197.71,286906.0
2026-08-11T15:29:52.067746-04:00,2026-08-11 14:30:00-04:00,197.75,199.74,197.75,199.36,251350.0
2026-08-11T15:29:52.067746-04:00,2026-08-11 15:00:00-04:00,199.37,199.54,198.6,199.41,150463.0
2026-08-11T15:30:12.262132-04:00,2026-08-11 14:00:00-04:00,198.18,198.49,197.5,197.71,286906.0
2026-08-11T15:30:12.262132-04:00,2026-08-11 14:30:00-04:00,197.75,199.74,197.75,199.36,251350.0
2026-08-11T15:30:12.262132-04:00,2026-08-11 15:00:00-04:00,199.37,199.54,198.6,199.3,154212.0
2026-08-11T15:30:32.457550-04:00,2026-08-11 14:00:00-04:00,198.18,198.49,197.5,197.71,286906.0
2026-08-11T15:30:32.457550-04:00,2026-08-11 14:30:00-04:00,197.75,199.74,197.75,199.36,251350.0
2026-08-11T15:30:32.457550-04:00,2026-08-11 15:00:00-04:00,199.37,199.54,198.6,199.28,157689.0
2026-08-11T15:30:52.682928-04:00,2026-08-11 14:00:00-04:00,198.18,198.49,197.5,197.71,286906.0
2026-08-11T15:30:52.682928-04:00,2026-08-11 14:30:00-04:00,197.75,199.74,197.75,199.36,251350.0
2026-08-11T15:30:52.682928-04:00,2026-08-11 15:00:00-04:00,199.37,199.54,198.6,199.28,157689.0
2026-08-11T15:31:12.907423-04:00,2026-08-11 14:00:00-04:00,198.18,198.49,197.5,197.71,286906.0
2026-08-11T15:31:12.907423-04:00,2026-08-11 14:30:00-04:00,197.75,199.74,197.75,199.36,251350.0
2026-08-11T15:31:12.907423-04:00,2026-08-11 15:00:00-04:00,199.37,199.54,198.6,199.28,161003.0
2026-08-11T15:31:33.110536-04:00,2026-08-11 14:00:00-04:00,198.18,198.49,197.5,197.71,286906.0
2026-08-11T15:31:33.110536-04:00,2026-08-11 14:30:00-04:00,197.75,199.74,197.75,199.36,251350.0
2026-08-11T15:31:33.110536-04:00,2026-08-11 15:00:00-04:00,199.37,199.54,198.6,199.36,171481.0
2026-08-11T15:31:53.301293-04:00,2026-08-11 14:00:00-04:00,198.18,198.49,197.5,197.71,286906.0
2026-08-11T15:31:53.301293-04:00,2026-08-11 14:30:00-04:00,197.75,199.74,197.75,199.36,251350.0
2026-08-11T15:31:53.301293-04:00,2026-08-11 15:00:00-04:00,199.37,199.54,198.6,199.36,171481.0
2026-08-11T15:32:13.494925-04:00,2026-08-11 14:00:00-04:00,198.18,198.49,197.5,197.71,286906.0
2026-08-11T15:32:13.494925-04:00,2026-08-11 14:30:00-04:00,197.75,199.74,197.75,199.36,251350.0
2026-08-11T15:32:13.494925-04:00,2026-08-11 15:00:00-04:00,199.37,199.54,198.6,199.34,176551.0
2026-08-11T15:32:33.716679-04:00,2026-08-11 14:00:00-04:00,198.18,198.49,197.5,197.71,286906.0
2026-08-11T15:32:33.716679-04:00,2026-08-11 14:30:00-04:00,197.75,199.74,197.75,199.36,251350.0
2026-08-11T15:32:33.716679-04:00,2026-08-11 15:00:00-04:00,199.37,199.54,198.6,199.44,180046.0
2026-08-11T15:32:53.916296-04:00,2026-08-11 14:00:00-04:00,198.18,198.49,197.5,197.71,286906.0
2026-08-11T15:32:53.916296-04:00,2026-08-11 14:30:00-04:00,197.75,199.74,197.75,199.36,251350.0
2026-08-11T15:32:53.916296-04:00,2026-08-11 15:00:00-04:00,199.37,199.54,198.6,199.44,180046.0
2026-08-11T15:33:14.103689-04:00,2026-08-11 14:00:00-04:00,198.18,198.49,197.5,197.71,286906.0
2026-08-11T15:33:14.103689-04:00,2026-08-11 14:30:00-04:00,197.75,199.74,197.75,199.36,251350.0
2026-08-11T15:33:14.103689-04:00,2026-08-11 15:00:00-04:00,199.37,199.54,198.6,199.28,183489.0
2026-08-11T15:33:34.305768-04:00,2026-08-11 14:00:00-04:00,198.18,198.49,197.5,197.71,286906.0
2026-08-11T15:33:34.305768-04:00,2026-08-11 14:30:00-04:00,197.75,199.74,197.75,199.36,251350.0
2026-08-11T15:33:34.305768-04:00,2026-08-11 15:00:00-04:00,199.37,199.54,198.6,199.33,186942.0
2026-08-11T15:33:54.529017-04:00,2026-08-11 14:00:00-04:00,198.18,198.49,197.5,197.71,286906.0
2026-08-11T15:33:54.529017-04:00,2026-08-11 14:30:00-04:00,197.75,199.74,197.75,199.36,251350.0
2026-08-11T15:33:54.529017-04:00,2026-08-11 15:00:00-04:00,199.37,199.54,198.6,199.33,186942.0
2026-08-11T15:34:14.744700-04:00,2026-08-11 14:00:00-04:00,198.18,198.49,197.5,197.71,286906.0
2026-08-11T15:34:14.744700-04:00,2026-08-11 14:30:00-04:00,197.75,199.74,197.75,199.36,251350.0
2026-08-11T15:34:14.744700-04:00,2026-08-11 15:00:00-04:00,199.37,199.56,198.6,199.55,189701.0
2026-08-11T15:34:34.938003-04:00,2026-08-11 14:00:00-04:00,198.18,198.49,197.5,197.71,286906.0
2026-08-11T15:34:34.938003-04:00,2026-08-11 14:30:00-04:00,197.75,199.74,197.75,199.36,251350.0
2026-08-11T15:34:34.938003-04:00,2026-08-11 15:00:00-04:00,199.37,199.61,198.6,199.5,193345.0
2026-08-11T15:34:55.121014-04:00,2026-08-11 14:00:00-04:00,198.18,198.49,197.5,197.71,286906.0
2026-08-11T15:34:55.121014-04:00,2026-08-11 14:30:00-04:00,197.75,199.74,197.75,199.36,251350.0
2026-08-11T15:34:55.121014-04:00,2026-08-11 15:00:00-04:00,199.37,199.61,198.6,199.5,193345.0
2026-08-11T15:35:15.377468-04:00,2026-08-11 14:00:00-04:00,198.18,198.49,197.5,197.71,286906.0
2026-08-11T15:35:15.377468-04:00,2026-08-11 14:30:00-04:00,197.75,199.74,197.75,199.36,251350.0
2026-08-11T15:35:15.377468-04:00,2026-08-11 15:00:00-04:00,199.37,199.61,198.6,199.4,196244.0
2026-08-11T15:35:35.595480-04:00,2026-08-11 14:00:00-04:00,198.18,198.49,197.5,197.71,286906.0
2026-08-11T15:35:35.595480-04:00,2026-08-11 14:30:00-04:00,197.75,199.74,197.75,199.36,251350.0
2026-08-11T15:35:35.595480-04:00,2026-08-11 15:00:00-04:00,199.37,199.61,198.6,199.47,198638.0
2026-08-11T15:35:55.792329-04:00,2026-08-11 14:00:00-04:00,198.18,198.49,197.5,197.71,286906.0
2026-08-11T15:35:55.792329-04:00,2026-08-11 14:30:00-04:00,197.75,199.74,197.75,199.36,251350.0
2026-08-11T15:35:55.792329-04:00,2026-08-11 15:00:00-04:00,199.37,199.61,198.6,199.47,198638.0
2026-08-11T15:36:16.019027-04:00,2026-08-11 14:00:00-04:00,198.18,198.49,197.5,197.71,286906.0
2026-08-11T15:36:16.019027-04:00,2026-08-11 14:30:00-04:00,197.75,199.74,197.75,199.36,251350.0
2026-08-11T15:36:16.019027-04:00,2026-08-11 15:00:00-04:00,199.37,199.61,198.6,199.49,203008.0
2026-08-11T15:36:36.208572-04:00,2026-08-11 14:00:00-04:00,198.18,198.49,197.5,197.71,286906.0
2026-08-11T15:36:36.208572-04:00,2026-08-11 14:30:00-04:00,197.75,199.74,197.75,199.36,251350.0
2026-08-11T15:36:36.208572-04:00,2026-08-11 15:00:00-04:00,199.37,199.61,198.6,199.5,205666.0
2026-08-11T15:36:56.454333-04:00,2026-08-11 14:00:00-04:00,198.18,198.49,197.5,197.71,286906.0
2026-08-11T15:36:56.454333-04:00,2026-08-11 14:30:00-04:00,197.75,199.74,197.75,199.36,251350.0
2026-08-11T15:36:56.454333-04:00,2026-08-11 15:00:00-04:00,199.37,199.61,198.6,199.5,205666.0
2026-08-11T15:37:16.681237-04:00,2026-08-11 14:00:00-04:00,198.18,198.49,197.5,197.71,286906.0
2026-08-11T15:37:16.681237-04:00,2026-08-11 14:30:00-04:00,197.75,199.74,197.75,199.36,251350.0
2026-08-11T15:37:16.681237-04:00,2026-08-11 15:00:00-04:00,199.37,199.63,198.6,199.57,209328.0
2026-08-11T15:37:36.875344-04:00,2026-08-11 14:00:00-04:00,198.18,198.49,197.5,197.71,286906.0
2026-08-11T15:37:36.875344-04:00,2026-08-11 14:30:00-04:00,197.75,199.74,197.75,199.36,251350.0
2026-08-11T15:37:36.875344-04:00,2026-08-11 15:00:00-04:00,199.37,199.68,198.6,199.63,212949.0
2026-08-11T15:37:57.065407-04:00,2026-08-11 14:00:00-04:00,198.18,198.49,197.5,197.71,286906.0
2026-08-11T15:37:57.065407-04:00,2026-08-11 14:30:00-04:00,197.75,199.74,197.75,199.36,251350.0
2026-08-11T15:37:57.065407-04:00,2026-08-11 15:00:00-04:00,199.37,199.68,198.6,199.63,212949.0
2026-08-11T15:38:17.257977-04:00,2026-08-11 14:00:00-04:00,198.18,198.49,197.5,197.71,286906.0
2026-08-11T15:38:17.257977-04:00,2026-08-11 14:30:00-04:00,197.75,199.74,197.75,199.36,251350.0
2026-08-11T15:38:17.257977-04:00,2026-08-11 15:00:00-04:00,199.37,199.68,198.6,199.42,217157.0
2026-08-11T15:38:37.451272-04:00,2026-08-11 14:00:00-04:00,198.18,198.49,197.5,197.71,286906.0
2026-08-11T15:38:37.451272-04:00,2026-08-11 14:30:00-04:00,197.75,199.74,197.75,199.36,251350.0
2026-08-11T15:38:37.451272-04:00,2026-08-11 15:00:00-04:00,199.37,199.68,198.6,199.39,223103.0
2026-08-11T15:38:57.644966-04:00,2026-08-11 14:00:00-04:00,198.18,198.49,197.5,197.71,286906.0
2026-08-11T15:38:57.644966-04:00,2026-08-11 14:30:00-04:00,197.75,199.74,197.75,199.36,251350.0
2026-08-11T15:38:57.644966-04:00,2026-08-11 15:00:00-04:00,199.37,199.68,198.6,199.39,223103.0
2026-08-11T15:39:17.837822-04:00,2026-08-11 14:00:00-04:00,198.18,198.49,197.5,197.71,286906.0
2026-08-11T15:39:17.837822-04:00,2026-08-11 14:30:00-04:00,197.75,199.74,197.75,199.36,251350.0
2026-08-11T15:39:17.837822-04:00,2026-08-11 15:00:00-04:00,199.37,199.68,198.6,199.3,227133.0
2026-08-11T15:39:38.033773-04:00,2026-08-11 14:00:00-04:00,198.18,198.49,197.5,197.71,286906.0
2026-08-11T15:39:38.033773-04:00,2026-08-11 14:30:00-04:00,197.75,199.74,197.75,199.36,251350.0
2026-08-11T15:39:38.033773-04:00,2026-08-11 15:00:00-04:00,199.37,199.68,198.6,199.36,230127.0
2026-08-11T15:39:58.242654-04:00,2026-08-11 14:00:00-04:00,198.18,198.49,197.5,197.71,286906.0
2026-08-11T15:39:58.242654-04:00,2026-08-11 14:30:00-04:00,197.75,199.74,197.75,199.36,251350.0
2026-08-11T15:39:58.242654-04:00,2026-08-11 15:00:00-04:00,199.37,199.68,198.6,199.36,230127.0
2026-08-11T15:59:18.500880-04:00,2026-08-11 14:30:00-04:00,197.75,199.74,197.75,199.36,251350.0
2026-08-11T15:59:18.500880-04:00,2026-08-11 15:00:00-04:00,199.37,200.12,198.6,199.95,294680.0
2026-08-11T15:59:18.500880-04:00,2026-08-11 15:30:00-04:00,199.99,200.6,199.79,200.05,188366.0
2026-08-11T15:59:39.317144-04:00,2026-08-11 14:30:00-04:00,197.75,199.74,197.75,199.36,251350.0
2026-08-11T15:59:39.317144-04:00,2026-08-11 15:00:00-04:00,199.37,200.12,198.6,199.95,294680.0
2026-08-11T15:59:39.317144-04:00,2026-08-11 15:30:00-04:00,199.99,200.6,199.79,200.0,192354.0
2026-08-11T15:59:59.505802-04:00,2026-08-11 14:30:00-04:00,197.75,199.74,197.75,199.36,251350.0
2026-08-11T15:59:59.505802-04:00,2026-08-11 15:00:00-04:00,199.37,200.12,198.6,199.95,294680.0
2026-08-11T15:59:59.505802-04:00,2026-08-11 15:30:00-04:00,199.99,200.6,199.79,199.87,197579.0
2026-08-11T16:00:19.699990-04:00,2026-08-11 14:30:00-04:00,197.75,199.74,197.75,199.36,251350.0
2026-08-11T16:00:19.699990-04:00,2026-08-11 15:00:00-04:00,199.37,200.12,198.6,199.95,294680.0
2026-08-11T16:00:19.699990-04:00,2026-08-11 15:30:00-04:00,199.99,200.6,199.79,199.87,197579.0
2026-08-11T16:00:39.929727-04:00,2026-08-11 14:30:00-04:00,197.75,199.74,197.75,199.36,251350.0
2026-08-11T16:00:39.929727-04:00,2026-08-11 15:00:00-04:00,199.37,200.12,198.6,199.95,294680.0
2026-08-11T16:00:39.929727-04:00,2026-08-11 15:30:00-04:00,199.99,200.6,199.79,199.83,204217.0
2026-08-11T16:01:00.116563-04:00,2026-08-11 14:30:00-04:00,197.75,199.74,197.75,199.36,251350.0
2026-08-11T16:01:00.116563-04:00,2026-08-11 15:00:00-04:00,199.37,200.12,198.6,199.95,294680.0
2026-08-11T16:01:00.116563-04:00,2026-08-11 15:30:00-04:00,199.99,200.6,199.79,199.87,208389.0
2026-08-11T16:01:20.302633-04:00,2026-08-11 14:30:00-04:00,197.75,199.74,197.75,199.36,251350.0
2026-08-11T16:01:20.302633-04:00,2026-08-11 15:00:00-04:00,199.37,200.12,198.6,199.95,294680.0
2026-08-11T16:01:20.302633-04:00,2026-08-11 15:30:00-04:00,199.99,200.6,199.79,199.87,208389.0
2026-08-11T16:01:40.501833-04:00,2026-08-11 14:30:00-04:00,197.75,199.74,197.75,199.36,251350.0
2026-08-11T16:01:40.501833-04:00,2026-08-11 15:00:00-04:00,199.37,200.12,198.6,199.95,294680.0
2026-08-11T16:01:40.501833-04:00,2026-08-11 15:30:00-04:00,199.99,200.6,199.79,200.0,213874.0
2026-08-11T16:02:00.687960-04:00,2026-08-11 14:30:00-04:00,197.75,199.74,197.75,199.36,251350.0
2026-08-11T16:02:00.687960-04:00,2026-08-11 15:00:00-04:00,199.37,200.12,198.6,199.95,294680.0
2026-08-11T16:02:00.687960-04:00,2026-08-11 15:30:00-04:00,199.99,200.6,199.79,199.89,219227.0
2026-08-11T16:02:20.897445-04:00,2026-08-11 14:30:00-04:00,197.75,199.74,197.75,199.36,251350.0
2026-08-11T16:02:20.897445-04:00,2026-08-11 15:00:00-04:00,199.37,200.12,198.6,199.95,294680.0
2026-08-11T16:02:20.897445-04:00,2026-08-11 15:30:00-04:00,199.99,200.6,199.79,199.89,219227.0
2026-08-11T16:02:41.085864-04:00,2026-08-11 14:30:00-04:00,197.75,199.74,197.75,199.36,251350.0
2026-08-11T16:02:41.085864-04:00,2026-08-11 15:00:00-04:00,199.37,200.12,198.6,199.95,294680.0
2026-08-11T16:02:41.085864-04:00,2026-08-11 15:30:00-04:00,199.99,200.6,199.79,199.91,223722.0
2026-08-11T16:03:01.284383-04:00,2026-08-11 14:30:00-04:00,197.75,199.74,197.75,199.36,251350.0
2026-08-11T16:03:01.284383-04:00,2026-08-11 15:00:00-04:00,199.37,200.12,198.6,199.95,294680.0
2026-08-11T16:03:01.284383-04:00,2026-08-11 15:30:00-04:00,199.99,200.6,199.79,199.91,231830.0
2026-08-11T16:03:21.520573-04:00,2026-08-11 14:30:00-04:00,197.75,199.74,197.75,199.36,251350.0
2026-08-11T16:03:21.520573-04:00,2026-08-11 15:00:00-04:00,199.37,200.12,198.6,199.95,294680.0
2026-08-11T16:03:21.520573-04:00,2026-08-11 15:30:00-04:00,199.99,200.6,199.79,199.91,231830.0
2026-08-11T16:03:41.730428-04:00,2026-08-11 14:30:00-04:00,197.75,199.74,197.75,199.36,251350.0
2026-08-11T16:03:41.730428-04:00,2026-08-11 15:00:00-04:00,199.37,200.12,198.6,199.95,294680.0
2026-08-11T16:03:41.730428-04:00,2026-08-11 15:30:00-04:00,199.99,200.6,199.79,200.0,238567.0
2026-08-11T16:04:01.915821-04:00,2026-08-11 14:30:00-04:00,197.75,199.74,197.75,199.36,251350.0
2026-08-11T16:04:01.915821-04:00,2026-08-11 15:00:00-04:00,199.37,200.12,198.6,199.95,294680.0
2026-08-11T16:04:01.915821-04:00,2026-08-11 15:30:00-04:00,199.99,200.6,199.79,200.02,246268.0
2026-08-11T16:04:22.104624-04:00,2026-08-11 14:30:00-04:00,197.75,199.74,197.75,199.36,251350.0
2026-08-11T16:04:22.104624-04:00,2026-08-11 15:00:00-04:00,199.37,200.12,198.6,199.95,294680.0
2026-08-11T16:04:22.104624-04:00,2026-08-11 15:30:00-04:00,199.99,200.6,199.79,200.02,246268.0
2026-08-11T16:04:42.328347-04:00,2026-08-11 14:30:00-04:00,197.75,199.74,197.75,199.36,251350.0
2026-08-11T16:04:42.328347-04:00,2026-08-11 15:00:00-04:00,199.37,200.12,198.6,199.95,294680.0
2026-08-11T16:04:42.328347-04:00,2026-08-11 15:30:00-04:00,199.99,200.6,199.79,200.05,250439.0
2026-08-11T16:05:02.519697-04:00,2026-08-11 14:30:00-04:00,197.75,199.74,197.75,199.36,251350.0
2026-08-11T16:05:02.519697-04:00,2026-08-11 15:00:00-04:00,199.37,200.12,198.6,199.95,294680.0
2026-08-11T16:05:02.519697-04:00,2026-08-11 15:30:00-04:00,199.99,200.6,199.79,199.96,256862.0
2026-08-11T16:05:22.711068-04:00,2026-08-11 14:30:00-04:00,197.75,199.74,197.75,199.36,251350.0
2026-08-11T16:05:22.711068-04:00,2026-08-11 15:00:00-04:00,199.37,200.12,198.6,199.95,294680.0
2026-08-11T16:05:22.711068-04:00,2026-08-11 15:30:00-04:00,199.99,200.6,199.79,199.96,256862.0
2026-08-11T16:05:42.908750-04:00,2026-08-11 14:30:00-04:00,197.75,199.74,197.75,199.36,251350.0
2026-08-11T16:05:42.908750-04:00,2026-08-11 15:00:00-04:00,199.37,200.12,198.6,199.95,294680.0
2026-08-11T16:05:42.908750-04:00,2026-08-11 15:30:00-04:00,199.99,200.6,199.79,200.47,277686.0
2026-08-11T16:06:03.101404-04:00,2026-08-11 14:30:00-04:00,197.75,199.74,197.75,199.36,251350.0
2026-08-11T16:06:03.101404-04:00,2026-08-11 15:00:00-04:00,199.37,200.12,198.6,199.95,294680.0
2026-08-11T16:06:03.101404-04:00,2026-08-11 15:30:00-04:00,199.99,200.6,199.79,200.33,292076.0
2026-08-11T16:06:23.299316-04:00,2026-08-11 14:30:00-04:00,197.75,199.74,197.75,199.36,251350.0
2026-08-11T16:06:23.299316-04:00,2026-08-11 15:00:00-04:00,199.37,200.12,198.6,199.95,294680.0
2026-08-11T16:06:23.299316-04:00,2026-08-11 15:30:00-04:00,199.99,200.6,199.79,200.33,292076.0
2026-08-11T16:06:43.490206-04:00,2026-08-11 14:30:00-04:00,197.75,199.74,197.75,199.36,251350.0
2026-08-11T16:06:43.490206-04:00,2026-08-11 15:00:00-04:00,199.37,200.12,198.6,199.95,294680.0
2026-08-11T16:06:43.490206-04:00,2026-08-11 15:30:00-04:00,199.99,200.6,199.79,200.31,302175.0
2026-08-11T16:07:03.679845-04:00,2026-08-11 14:30:00-04:00,197.75,199.74,197.75,199.36,251350.0
2026-08-11T16:07:03.679845-04:00,2026-08-11 15:00:00-04:00,199.37,200.12,198.6,199.95,294680.0
2026-08-11T16:07:03.679845-04:00,2026-08-11 15:30:00-04:00,199.99,200.6,199.79,200.32,312825.0
2026-08-11T16:07:23.868860-04:00,2026-08-11 14:30:00-04:00,197.75,199.74,197.75,199.36,251350.0
2026-08-11T16:07:23.868860-04:00,2026-08-11 15:00:00-04:00,199.37,200.12,198.6,199.95,294680.0
2026-08-11T16:07:23.868860-04:00,2026-08-11 15:30:00-04:00,199.99,200.6,199.79,200.32,312825.0
2026-08-11T16:07:44.063483-04:00,2026-08-11 14:30:00-04:00,197.75,199.74,197.75,199.36,251350.0
2026-08-11T16:07:44.063483-04:00,2026-08-11 15:00:00-04:00,199.37,200.12,198.6,199.95,294680.0
2026-08-11T16:07:44.063483-04:00,2026-08-11 15:30:00-04:00,199.99,200.6,199.79,200.28,323209.0
2026-08-11T16:08:04.429273-04:00,2026-08-11 14:30:00-04:00,197.75,199.74,197.75,199.36,251350.0
2026-08-11T16:08:04.429273-04:00,2026-08-11 15:00:00-04:00,199.37,200.12,198.6,199.95,294680.0
2026-08-11T16:08:04.429273-04:00,2026-08-11 15:30:00-04:00,199.99,200.6,199.79,200.23,333975.0
2026-08-11T16:08:24.616330-04:00,2026-08-11 14:30:00-04:00,197.75,199.74,197.75,199.36,251350.0
2026-08-11T16:08:24.616330-04:00,2026-08-11 15:00:00-04:00,199.37,200.12,198.6,199.95,294680.0
2026-08-11T16:08:24.616330-04:00,2026-08-11 15:30:00-04:00,199.99,200.6,199.79,200.23,333975.0
2026-08-11T16:08:44.807672-04:00,2026-08-11 14:30:00-04:00,197.75,199.74,197.75,199.36,251350.0
2026-08-11T16:08:44.807672-04:00,2026-08-11 15:00:00-04:00,199.37,200.12,198.6,199.95,294680.0
2026-08-11T16:08:44.807672-04:00,2026-08-11 15:30:00-04:00,199.99,200.6,199.79,200.23,345576.0
2026-08-11T16:09:05.029812-04:00,2026-08-11 14:30:00-04:00,197.75,199.74,197.75,199.36,251350.0
2026-08-11T16:09:05.029812-04:00,2026-08-11 15:00:00-04:00,199.37,200.12,198.6,199.95,294680.0
2026-08-11T16:09:05.029812-04:00,2026-08-11 15:30:00-04:00,199.99,200.6,199.79,200.09,356602.0
2026-08-11T16:09:25.215402-04:00,2026-08-11 14:30:00-04:00,197.75,199.74,197.75,199.36,251350.0
2026-08-11T16:09:25.215402-04:00,2026-08-11 15:00:00-04:00,199.37,200.12,198.6,199.95,294680.0
2026-08-11T16:09:25.215402-04:00,2026-08-11 15:30:00-04:00,199.99,200.6,199.79,200.09,356602.0
2026-08-11T16:09:45.407882-04:00,2026-08-11 14:30:00-04:00,197.75,199.74,197.75,199.36,251350.0
2026-08-11T16:09:45.407882-04:00,2026-08-11 15:00:00-04:00,199.37,200.12,198.6,199.95,294680.0
2026-08-11T16:09:45.407882-04:00,2026-08-11 15:30:00-04:00,199.99,200.6,199.79,199.91,373205.0
2026-08-11T16:29:05.691755-04:00,2026-08-11 14:30:00-04:00,197.75,199.74,197.75,199.36,251350.0
2026-08-11T16:29:05.691755-04:00,2026-08-11 15:00:00-04:00,199.37,200.12,198.6,199.95,294680.0
2026-08-11T16:29:05.691755-04:00,2026-08-11 15:30:00-04:00,199.99,200.6,199.79,200.46,831787.0
2026-08-11T16:29:26.460150-04:00,2026-08-11 14:30:00-04:00,197.75,199.74,197.75,199.36,251350.0
2026-08-11T16:29:26.460150-04:00,2026-08-11 15:00:00-04:00,199.37,200.12,198.6,199.95,294680.0
2026-08-11T16:29:26.460150-04:00,2026-08-11 15:30:00-04:00,199.99,200.6,199.79,200.46,831787.0
2026-08-11T16:29:46.655990-04:00,2026-08-11 14:30:00-04:00,197.75,199.74,197.75,199.36,251350.0
2026-08-11T16:29:46.655990-04:00,2026-08-11 15:00:00-04:00,199.37,200.12,198.6,199.95,294680.0
2026-08-11T16:29:46.655990-04:00,2026-08-11 15:30:00-04:00,199.99,200.6,199.79,200.46,831787.0
2026-08-11T16:30:06.879117-04:00,2026-08-11 14:30:00-04:00,197.75,199.74,197.75,199.36,251350.0
2026-08-11T16:30:06.879117-04:00,2026-08-11 15:00:00-04:00,199.37,200.12,198.6,199.95,294680.0
2026-08-11T16:30:06.879117-04:00,2026-08-11 15:30:00-04:00,199.99,200.6,199.79,200.46,831787.0
2026-08-11T16:30:27.074773-04:00,2026-08-11 14:30:00-04:00,197.75,199.74,197.75,199.36,251350.0
2026-08-11T16:30:27.074773-04:00,2026-08-11 15:00:00-04:00,199.37,200.12,198.6,199.95,294680.0
2026-08-11T16:30:27.074773-04:00,2026-08-11 15:30:00-04:00,199.99,200.6,199.79,200.46,831787.0
2026-08-11T16:30:47.268116-04:00,2026-08-11 14:30:00-04:00,197.75,199.74,197.75,199.36,251350.0
2026-08-11T16:30:47.268116-04:00,2026-08-11 15:00:00-04:00,199.37,200.12,198.6,199.95,294680.0
2026-08-11T16:30:47.268116-04:00,2026-08-11 15:30:00-04:00,199.99,200.6,199.79,200.46,831787.0
2026-08-11T16:31:07.485367-04:00,2026-08-11 14:30:00-04:00,197.75,199.74,197.75,199.36,251350.0
2026-08-11T16:31:07.485367-04:00,2026-08-11 15:00:00-04:00,199.37,200.12,198.6,199.95,294680.0
2026-08-11T16:31:07.485367-04:00,2026-08-11 15:30:00-04:00,199.99,200.6,199.79,200.46,831787.0
2026-08-11T16:31:27.718923-04:00,2026-08-11 14:30:00-04:00,197.75,199.74,197.75,199.36,251350.0
2026-08-11T16:31:27.718923-04:00,2026-08-11 15:00:00-04:00,199.37,200.12,198.6,199.95,294680.0
2026-08-11T16:31:27.718923-04:00,2026-08-11 15:30:00-04:00,199.99,200.6,199.79,200.46,831787.0
2026-08-11T16:31:47.932512-04:00,2026-08-11 14:30:00-04:00,197.75,199.74,197.75,199.36,251350.0
2026-08-11T16:31:47.932512-04:00,2026-08-11 15:00:00-04:00,199.37,200.12,198.6,199.95,294680.0
2026-08-11T16:31:47.932512-04:00,2026-08-11 15:30:00-04:00,199.99,200.6,199.79,200.46,831787.0
2026-08-11T16:32:08.122160-04:00,2026-08-11 14:30:00-04:00,197.75,199.74,197.75,199.36,251350.0
2026-08-11T16:32:08.122160-04:00,2026-08-11 15:00:00-04:00,199.37,200.12,198.6,199.95,294680.0
2026-08-11T16:32:08.122160-04:00,2026-08-11 15:30:00-04:00,199.99,200.6,199.79,200.46,831787.0
2026-08-11T16:32:28.311464-04:00,2026-08-11 14:30:00-04:00,197.75,199.74,197.75,199.36,251350.0
2026-08-11T16:32:28.311464-04:00,2026-08-11 15:00:00-04:00,199.37,200.12,198.6,199.95,294680.0
2026-08-11T16:32:28.311464-04:00,2026-08-11 15:30:00-04:00,199.99,200.6,199.79,200.46,831787.0
2026-08-11T16:32:48.514068-04:00,2026-08-11 14:30:00-04:00,197.75,199.74,197.75,199.36,251350.0
2026-08-11T16:32:48.514068-04:00,2026-08-11 15:00:00-04:00,199.37,200.12,198.6,199.95,294680.0
2026-08-11T16:32:48.514068-04:00,2026-08-11 15:30:00-04:00,199.99,200.6,199.79,200.46,831787.0
2026-08-11T16:33:08.709747-04:00,2026-08-11 14:30:00-04:00,197.75,199.74,197.75,199.36,251350.0
2026-08-11T16:33:08.709747-04:00,2026-08-11 15:00:00-04:00,199.37,200.12,198.6,199.95,294680.0
2026-08-11T16:33:08.709747-04:00,2026-08-11 15:30:00-04:00,199.99,200.6,199.79,200.46,831787.0
2026-08-11T16:33:28.893083-04:00,2026-08-11 14:30:00-04:00,197.75,199.74,197.75,199.36,251350.0
2026-08-11T16:33:28.893083-04:00,2026-08-11 15:00:00-04:00,199.37,200.12,198.6,199.95,294680.0
2026-08-11T16:33:28.893083-04:00,2026-08-11 15:30:00-04:00,199.99,200.6,199.79,200.46,831787.0
2026-08-11T16:33:49.088389-04:00,2026-08-11 14:30:00-04:00,197.75,199.74,197.75,199.36,251350.0
2026-08-11T16:33:49.088389-04:00,2026-08-11 15:00:00-04:00,199.37,200.12,198.6,199.95,294680.0
2026-08-11T16:33:49.088389-04:00,2026-08-11 15:30:00-04:00,199.99,200.6,199.79,200.46,831787.0
2026-08-11T16:34:09.274620-04:00,2026-08-11 14:30:00-04:00,197.75,199.74,197.75,199.36,251350.0
2026-08-11T16:34:09.274620-04:00,2026-08-11 15:00:00-04:00,199.37,200.12,198.6,199.95,294680.0
2026-08-11T16:34:09.274620-04:00,2026-08-11 15:30:00-04:00,199.99,200.6,199.79,200.46,831787.0
2026-08-11T16:34:29.474157-04:00,2026-08-11 14:30:00-04:00,197.75,199.74,197.75,199.36,251350.0
2026-08-11T16:34:29.474157-04:00,2026-08-11 15:00:00-04:00,199.37,200.12,198.6,199.95,294680.0
2026-08-11T16:34:29.474157-04:00,2026-08-11 15:30:00-04:00,199.99,200.6,199.79,200.46,831787.0
2026-08-11T16:34:49.663063-04:00,2026-08-11 14:30:00-04:00,197.75,199.74,197.75,199.36,251350.0
2026-08-11T16:34:49.663063-04:00,2026-08-11 15:00:00-04:00,199.37,200.12,198.6,199.95,294680.0
2026-08-11T16:34:49.663063-04:00,2026-08-11 15:30:00-04:00,199.99,200.6,199.79,200.46,831787.0
2026-08-11T16:35:09.859929-04:00,2026-08-11 14:30:00-04:00,197.75,199.74,197.75,199.36,251350.0
2026-08-11T16:35:09.859929-04:00,2026-08-11 15:00:00-04:00,199.37,200.12,198.6,199.95,294680.0
2026-08-11T16:35:09.859929-04:00,2026-08-11 15:30:00-04:00,199.99,200.6,199.79,200.46,831787.0
2026-08-11T16:35:30.052524-04:00,2026-08-11 14:30:00-04:00,197.75,199.74,197.75,199.36,251350.0
2026-08-11T16:35:30.052524-04:00,2026-08-11 15:00:00-04:00,199.37,200.12,198.6,199.95,294680.0
2026-08-11T16:35:30.052524-04:00,2026-08-11 15:30:00-04:00,199.99,200.6,199.79,200.46,831787.0
2026-08-11T16:35:50.242482-04:00,2026-08-11 14:30:00-04:00,197.75,199.74,197.75,199.36,251350.0
2026-08-11T16:35:50.242482-04:00,2026-08-11 15:00:00-04:00,199.37,200.12,198.6,199.95,294680.0
2026-08-11T16:35:50.242482-04:00,2026-08-11 15:30:00-04:00,199.99,200.6,199.79,200.46,831787.0
2026-08-11T16:36:10.440986-04:00,2026-08-11 14:30:00-04:00,197.75,199.74,197.75,199.36,251350.0
2026-08-11T16:36:10.440986-04:00,2026-08-11 15:00:00-04:00,199.37,200.12,198.6,199.95,294680.0
2026-08-11T16:36:10.440986-04:00,2026-08-11 15:30:00-04:00,199.99,200.6,199.79,200.46,831787.0
2026-08-11T16:36:30.628746-04:00,2026-08-11 14:30:00-04:00,197.75,199.74,197.75,199.36,251350.0
2026-08-11T16:36:30.628746-04:00,2026-08-11 15:00:00-04:00,199.37,200.12,198.6,199.95,294680.0
2026-08-11T16:36:30.628746-04:00,2026-08-11 15:30:00-04:00,199.99,200.6,199.79,200.46,831787.0
2026-08-11T16:36:50.819556-04:00,2026-08-11 14:30:00-04:00,197.75,199.74,197.75,199.36,251350.0
2026-08-11T16:36:50.819556-04:00,2026-08-11 15:00:00-04:00,199.37,200.12,198.6,199.95,294680.0
2026-08-11T16:36:50.819556-04:00,2026-08-11 15:30:00-04:00,199.99,200.6,199.79,200.46,831787.0
2026-08-11T16:37:11.008681-04:00,2026-08-11 14:30:00-04:00,197.75,199.74,197.75,199.36,251350.0
2026-08-11T16:37:11.008681-04:00,2026-08-11 15:00:00-04:00,199.37,200.12,198.6,199.95,294680.0
2026-08-11T16:37:11.008681-04:00,2026-08-11 15:30:00-04:00,199.99,200.6,199.79,200.46,831787.0
2026-08-11T16:37:31.196045-04:00,2026-08-11 14:30:00-04:00,197.75,199.74,197.75,199.36,251350.0
2026-08-11T16:37:31.196045-04:00,2026-08-11 15:00:00-04:00,199.37,200.12,198.6,199.95,294680.0
2026-08-11T16:37:31.196045-04:00,2026-08-11 15:30:00-04:00,199.99,200.6,199.79,200.46,831787.0
2026-08-11T16:37:51.383186-04:00,2026-08-11 14:30:00-04:00,197.75,199.74,197.75,199.36,251350.0
2026-08-11T16:37:51.383186-04:00,2026-08-11 15:00:00-04:00,199.37,200.12,198.6,199.95,294680.0
2026-08-11T16:37:51.383186-04:00,2026-08-11 15:30:00-04:00,199.99,200.6,199.79,200.46,831787.0
2026-08-11T16:38:11.570625-04:00,2026-08-11 14:30:00-04:00,197.75,199.74,197.75,199.36,251350.0
2026-08-11T16:38:11.570625-04:00,2026-08-11 15:00:00-04:00,199.37,200.12,198.6,199.95,294680.0
2026-08-11T16:38:11.570625-04:00,2026-08-11 15:30:00-04:00,199.99,200.6,199.79,200.46,831787.0
2026-08-11T16:38:31.759147-04:00,2026-08-11 14:30:00-04:00,197.75,199.74,197.75,199.36,251350.0
2026-08-11T16:38:31.759147-04:00,2026-08-11 15:00:00-04:00,199.37,200.12,198.6,199.95,294680.0
2026-08-11T16:38:31.759147-04:00,2026-08-11 15:30:00-04:00,199.99,200.6,199.79,200.46,831787.0
2026-08-11T16:38:51.946072-04:00,2026-08-11 14:30:00-04:00,197.75,199.74,197.75,199.36,251350.0
2026-08-11T16:38:51.946072-04:00,2026-08-11 15:00:00-04:00,199.37,200.12,198.6,199.95,294680.0
2026-08-11T16:38:51.946072-04:00,2026-08-11 15:30:00-04:00,199.99,200.6,199.79,200.46,831787.0
2026-08-11T16:39:12.133476-04:00,2026-08-11 14:30:00-04:00,197.75,199.74,197.75,199.36,251350.0
2026-08-11T16:39:12.133476-04:00,2026-08-11 15:00:00-04:00,199.37,200.12,198.6,199.95,294680.0
2026-08-11T16:39:12.133476-04:00,2026-08-11 15:30:00-04:00,199.99,200.6,199.79,200.46,831787.0
2026-08-11T16:39:32.324932-04:00,2026-08-11 14:30:00-04:00,197.75,199.74,197.75,199.36,251350.0
2026-08-11T16:39:32.324932-04:00,2026-08-11 15:00:00-04:00,199.37,200.12,198.6,199.95,294680.0
2026-08-11T16:39:32.324932-04:00,2026-08-11 15:30:00-04:00,199.99,200.6,199.79,200.46,831787.0
2026-08-11T16:39:52.514650-04:00,2026-08-11 14:30:00-04:00,197.75,199.74,197.75,199.36,251350.0
2026-08-11T16:39:52.514650-04:00,2026-08-11 15:00:00-04:00,199.37,200.12,198.6,199.95,294680.0
2026-08-11T16:39:52.514650-04:00,2026-08-11 15:30:00-04:00,199.99,200.6,199.79,200.46,831787.0
