timestamp,symbol,signal,volume,mean_volume,current_pct,price_threshold,trail_stop_pct,body_ratio,green_volume,green_price,red_price,green_body
2026-08-04 01:31:50.550691,AMAT,none,194108.0,228419.5,0.15172735760970524,0.7315328166673412,0.3,0.28888888888887393,True,False,False,False
2026-08-04 01:31:50.734305,LITE,none,94870.0,219643.8,0.43339034709808566,3.670159993223404,0.3,0.607207207207213,False,False,False,True
2026-08-04 01:31:50.914741,ALAB,none,140309.0,177964.46666666667,0.2770424182724796,4.337781083384697,0.3,0.3461538461538344,True,False,False,False
2026-08-04 01:31:51.102602,STX,none,221684.0,315825.26666666666,-0.02910678551937531,3.823222673530931,0.3,0.026936026936028052,True,False,False,False
2026-08-04 01:31:51.385194,CIEN,none,33295.0,45468.083333333336,0.26728347468516156,0.33066409288534304,0.3,0.5810055865921518,True,False,False,True
2026-08-04 01:31:51.568114,AMD,none,444605.0,1047964.2,0.059904978310258955,1.5276899424289696,0.3,0.11646586345380022,False,False,False,False
2026-08-04 01:31:51.763888,MPWR,none,40735.0,68742.4,0.2697668918419603,4.129689509117314,0.3,0.2713754646840253,False,False,False,False
2026-08-04 01:31:51.946771,SIMO,none,39988.0,51844.083333333336,-0.8156477668672799,2.7718028021560244,0.3,0.5336787564766826,False,False,False,False
2026-08-04 01:31:52.126329,BE,none,440332.0,600577.4,0.5732893047147313,1.0698319719987932,0.3,0.4844961240310054,False,False,False,False
2026-08-04 01:31:52.305854,ISRG,none,105560.0,138197.16666666666,-0.24137746070912247,1.2511915998896126,0.3,0.5625000000000333,False,False,False,True
2026-08-04 01:31:52.495622,CRDO,none,138456.0,184967.66666666666,0.4346016921725451,3.011120699395052,0.3,0.5371428571428558,False,False,False,True
2026-08-04 01:31:52.691017,ENTG,none,104432.0,126544.85714285714,0.7355913022391164,0.6460258812048947,0.3,0.968085106382978,False,True,False,True
2026-08-04 01:31:52.892305,MXL,none,108845.0,144649.66666666666,-0.19307886529035417,2.3922232884155354,0.3,0.23214285714284807,False,False,False,False
2026-08-04 01:31:53.089821,NBIS,none,840589.0,1265661.0666666667,1.0699397869383984,4.550024841616461,0.3,0.5703703703703693,False,False,False,True
2026-08-04 01:31:53.279347,KLAC,none,500202.0,477074.0,0.7437007437007456,2.8692165973215404,0.3,0.697916666666673,False,False,False,False
2026-08-04 01:31:53.459226,AMKR,none,169586.0,227087.4,0.656455142231944,2.9188108800252044,0.3,0.6346153846153862,False,False,False,False
2026-08-04 01:31:53.639849,DELL,none,112143.0,200674.66666666666,0.18631081301381294,2.367731761010746,0.3,0.2523659305993714,False,False,False,False
2026-08-04 01:31:53.819813,AEHR,none,92436.0,112002.13333333333,0.7743807185895876,6.539754039551555,0.3,0.5140740740740677,False,False,False,True
2026-08-04 01:31:54.009910,MRVL,none,391082.0,705692.5,-0.005199937600744061,0.5179959934796303,0.3,0.009259259259250974,False,False,False,False
2026-08-04 01:31:54.195654,HOOD,none,735979.0,742300.1428571428,-0.7195813344962894,0.1491820273275783,0.3,0.6346153846153862,False,False,True,False
2026-08-04 01:31:54.386312,RCL,none,68020.0,103044.06666666667,-0.1601133109585189,1.2589551982422205,0.3,0.5652173913043183,False,False,False,True
2026-08-04 01:31:54.581615,ARM,none,142054.0,270749.6,0.02516672958349158,3.3751970830590543,0.3,0.043478260869567006,False,False,False,False
2026-08-04 01:31:54.777133,NXT,none,228986.0,215174.7,0.2188662727073789,1.8988559683696793,0.3,0.25974025974026477,False,False,False,False
2026-08-04 01:31:54.967611,INTC,none,3432175.0,3347642.0,0.2653399668324985,2.076431337997896,0.3,0.3999999999999858,False,False,False,False
2026-08-04 01:31:55.163008,APTV,none,314674.0,228557.6,0.19349164467897878,0.5207559388858866,0.3,0.35483870967742304,False,False,False,False
2026-08-04 01:31:55.364377,APO,none,130728.0,186027.73333333334,0.2932777649147144,1.4703389103876499,0.3,0.5846153846153981,False,False,False,True
2026-08-04 01:31:55.551629,UAL,none,76376.0,113919.1,-0.12477579349605912,0.8573075077583582,0.3,0.3902439024390193,False,False,False,False
2026-08-04 01:31:55.739181,ASTS,none,348616.0,381690.0,0.503540519276161,0.46222583311618337,0.3,0.47761194029851173,False,True,False,False
2026-08-04 01:31:55.917459,ARWR,none,30678.0,50014.142857142855,0.7486000589448758,1.535213319848507,0.3,0.9136690647481973,False,False,False,True
2026-08-04 01:31:56.217243,GTLB,none,67299.0,194847.66666666666,0.08386916410398107,0.2194409535801294,0.3,0.16666666666663377,False,False,False,False
2026-08-04 01:31:56.395646,VSAT,none,67496.0,156485.2,0.6948831332912155,3.6866270057608825,0.3,0.4867256637168136,False,False,False,False
2026-08-04 01:31:56.583727,QNT,none,156917.0,80350.14285714286,0.75976845151954,1.648559645547262,0.3,0.25925925925926074,False,False,False,False
2026-08-04 01:31:56.783729,VSH,none,81498.0,179421.66666666666,0.0855675984027414,4.188219971078237,0.3,0.13636363636364224,False,False,False,False
2026-08-04 01:31:56.970713,TEAM,none,67854.0,96414.85714285714,0.4124700239808219,0.5731140989915748,0.3,0.5584415584415598,False,False,False,True
2026-08-04 01:31:57.161921,REZI,none,38829.0,59527.333333333336,0.5549389567147692,1.309560091710313,0.3,0.5000000000000089,False,False,False,False
2026-08-04 01:31:57.363930,LEN,none,66529.0,98054.66666666667,0.17724211272599041,0.9174653316192491,0.3,0.3846153846153986,False,False,False,True
2026-08-04 01:31:57.559183,BROS,none,285063.0,156820.4,-1.6055740684641053,1.9539948224437858,0.3,0.8480000000000019,False,False,False,True
2026-08-04 01:31:57.755228,ALK,none,80631.0,92167.75,-0.060313630880581295,1.4305852685483817,0.3,0.12000000000000455,False,False,False,False
2026-08-04 01:31:57.974338,AOSL,none,7067.0,15753.733333333334,-0.09487666034155957,3.7076669498603145,0.3,0.14285714285714768,False,False,False,False
2026-08-04 01:31:58.164274,CSCO,none,565430.0,566581.4166666666,-0.06888831481959726,1.2479178035687226,0.3,0.29629629629629434,True,False,False,False
2026-08-04 01:31:58.356123,DHI,none,62416.0,77902.13333333333,0.3089598352214134,0.7257062945238082,0.3,0.7499999999999881,False,False,False,True
2026-08-04 01:31:58.551158,A,none,51628.0,59499.71428571428,-0.121471954269373,0.4164874872263187,0.3,0.4249999999999627,False,False,False,False
2026-08-04 01:31:58.742069,MRNA,none,130560.0,196585.75,0.5023322569070705,1.0743447221340876,0.3,0.5090909090909138,False,False,False,False
2026-08-04 01:31:58.936723,AFRM,none,121644.0,149392.0,-0.3541448058761753,0.3524561803878792,0.3,0.529411764705884,False,False,True,False
2026-08-04 01:31:59.132077,MWH,none,98414.0,76543.85714285714,0.41436464088396907,3.3987136486090472,0.3,0.44444444444443565,False,False,False,False
2026-08-04 01:31:59.329594,CEVA,none,25307.0,26236.571428571428,-0.1796407185628598,0.4426425242273706,0.3,0.16666666666665023,False,False,False,False
2026-08-04 01:31:59.520134,RIOT,none,588732.0,875234.8333333334,0.9840674789128437,0.4848814008445864,0.3,0.75,False,True,False,True
2026-08-04 01:31:59.714779,CVNA,none,343605.0,525717.0833333334,0.24577572964671401,0.324516924424019,0.3,0.41025641025643733,False,False,False,False
2026-08-04 01:31:59.907374,IREN,none,1246174.0,2337312.2,0.8840616317251687,0.5715064598438102,0.3,0.864197530864181,False,True,False,True
2026-08-04 01:32:00.112932,HPE,none,529134.0,767484.4,0.13983220135837052,1.280093908981029,0.3,0.2333333333333365,False,False,False,False
2026-08-04 01:32:00.316749,DAL,none,151199.0,192389.0,-0.09850060194812675,1.0257150443025569,0.3,0.29032258064517014,False,False,False,False
2026-08-04 01:32:00.515259,RBLX,none,1181680.0,1347808.75,-1.1185086551264838,1.3129517955313348,0.3,0.656249999999991,True,False,False,False
2026-08-04 01:32:00.706407,IVZ,none,279100.0,195283.6,0.19620667102682235,0.8163266450786592,0.3,0.6000000000000355,False,False,False,True
2026-08-04 01:32:00.889455,JOBY,none,1948895.0,1956503.0,0.5412719891745608,2.938692136408482,0.3,0.5,False,False,False,False
2026-08-04 10:04:54.505095,AMAT,BUY,506756.0,234295.83333333334,0.6350254398570672,0.6343861366480298,0.3,0.7785714285714369,True,True,False,True
2026-08-04 10:04:54.696698,LITE,none,287933.0,275138.6,-0.12932800655603244,3.5579702873790824,0.3,0.17176870748299178,False,False,False,False
2026-08-04 10:04:54.878354,ALAB,none,291645.0,206321.8,-1.4055115693856381,4.2267292572751005,0.3,0.7235387045813669,True,False,False,True
2026-08-04 10:04:55.066267,STX,none,391838.0,306258.06666666665,0.8580305347217088,3.629473463320996,0.3,0.6804619826756444,True,False,False,False
2026-08-04 10:04:55.251082,CIEN,none,116427.0,59269.916666666664,0.09226983801516218,0.27442645373517294,0.3,0.11076923076921748,True,False,False,False
2026-08-04 10:04:55.445512,AMD,none,1143695.0,1191744.2,0.010321834809346323,1.520392127307892,0.3,0.01253132832079058,False,False,False,False
2026-08-04 10:04:55.628160,MPWR,none,69644.0,69640.26666666666,-0.891290565147527,4.131053478546335,0.3,0.6709211986681552,False,False,False,False
2026-08-04 10:04:55.819400,SIMO,none,79054.0,47196.75,0.4229173316310255,2.558453704704036,0.3,0.3117647058823531,False,False,False,False
2026-08-04 10:04:56.006581,BE,none,1400277.0,722137.7,-0.4421753202352185,0.6803507581946344,0.3,0.3222591362126252,False,False,False,False
2026-08-04 10:04:56.194141,ISRG,none,281039.0,136148.16666666666,0.9519199741852266,0.9025881645779463,0.3,0.9833333333333328,False,True,False,True
2026-08-04 10:04:56.381054,CRDO,none,380740.0,217712.91666666666,0.6589254446594685,2.709408223199582,0.3,0.5162454873646165,False,False,False,True
2026-08-04 10:04:56.564184,ENTG,none,479930.0,142768.57142857142,0.6663455362877314,0.7597340660419427,0.3,0.5496688741721825,True,False,False,False
2026-08-04 10:04:56.749539,MXL,none,472803.0,146765.25,-0.1487431206306835,2.2627718345828525,0.3,0.08771929824562147,False,False,False,False
2026-08-04 10:04:56.936374,NBIS,none,2233904.0,1391779.2666666666,-2.5843108504398895,4.705350390698672,0.3,0.7855153203342632,False,False,False,True
2026-08-04 10:04:57.124637,KLAC,none,1173113.0,505969.0,0.6444860636774352,2.7985298726893717,0.3,0.6256684491978679,True,False,False,False
2026-08-04 10:04:57.309248,AMKR,none,527120.0,236123.5,0.45445564117764076,2.426307034454651,0.3,0.5227272727272845,False,False,False,False
2026-08-04 10:04:57.496531,DELL,none,504328.0,236001.86666666667,-0.3137054422084784,2.27486672412924,0.3,0.3760445682451125,True,False,False,False
2026-08-04 10:04:57.681582,AEHR,none,262214.0,129280.93333333333,1.426360017691294,6.746576051454975,0.3,0.565789473684213,False,False,False,True
2026-08-04 10:04:57.880705,MRVL,none,978403.0,955665.5833333334,0.7956732019345786,0.40290695069483257,0.3,0.8181818181818168,False,True,False,True
2026-08-04 10:04:58.063718,HOOD,none,1742197.0,950826.4285714285,-0.8123833571193425,0.20151949367452654,0.3,0.5873015873015988,False,False,True,False
2026-08-04 10:04:58.247636,RCL,none,296237.0,107444.66666666667,-0.10792143319663987,1.2908534396631404,0.3,0.17326732673268122,True,False,False,False
2026-08-04 10:04:58.437607,ARM,none,411400.0,312258.4666666667,0.26842259782744887,3.2218320634100697,0.3,0.4102564102564009,False,False,False,False
2026-08-04 10:04:58.624466,NXT,none,859722.0,215652.0,-1.1134155659862417,1.7227074264139441,0.3,0.6538461538461503,True,False,False,True
2026-08-04 10:04:58.816009,INTC,none,5857255.0,4014682.0,0.34182379534678825,1.5980024445147842,0.3,0.2952380952380982,False,False,False,False
2026-08-04 10:04:59.004724,APTV,none,592440.0,280814.06666666665,0.47376732760132656,0.5287839281990028,0.3,0.5510204081632549,False,False,False,False
2026-08-04 10:04:59.193649,APO,none,381761.0,195589.06666666668,-0.37706810311656846,1.5185572616250032,0.3,0.5212765957446616,True,False,False,False
2026-08-04 10:04:59.382420,UAL,none,325840.0,137323.3,0.2185280574416617,0.45497928335601023,0.3,0.47457627118646273,True,False,False,False
2026-08-04 10:04:59.568484,ASTS,none,916443.0,732692.0,-0.45404728354469887,0.35321117082439757,0.3,0.42028985507246824,False,False,True,False
2026-08-04 10:04:59.756652,ARWR,none,115046.0,54183.142857142855,0.6435759419611647,1.7871558038843376,0.3,0.7006369426751641,False,False,False,True
2026-08-04 10:04:59.940396,GTLB,none,332758.0,202319.4,-0.6145251396648014,0.21036078830279342,0.3,0.5641025641025603,False,False,True,True
2026-08-04 10:05:00.125699,VSAT,none,283201.0,168492.33333333334,1.8427980443775842,3.763001718349247,0.3,0.7538461538461522,False,False,False,True
2026-08-04 10:05:00.328991,QNT,none,232916.0,95137.0,-0.10783608914450445,1.548712403225344,0.3,0.04724409448819091,False,False,False,False
2026-08-04 10:05:00.518534,VSH,none,355612.0,195757.6,0.9124607927003144,4.203473915750171,0.3,0.8000000000000036,False,False,False,True
2026-08-04 10:05:00.711500,TEAM,SELL,338276.0,112388.71428571429,-0.8885916300401229,0.6911266356874457,0.3,0.6549295774647828,True,False,True,True
2026-08-04 10:05:03.931069,REZI,none,209654.0,61059.2,-0.0275709953129449,1.3769294040414586,0.3,0.02500000000001288,True,False,False,False
2026-08-04 10:05:04.123277,LEN,none,214771.0,95151.26666666666,0.4953414317725999,0.9423349998854363,0.3,0.8571428571428406,False,False,False,True
2026-08-04 10:05:04.412106,BROS,none,624642.0,154738.46666666667,-0.030773965225413175,2.3880026089894915,0.3,0.025641025641020502,True,False,False,False
2026-08-04 10:05:04.597662,ALK,none,382274.0,89181.66666666667,0.9853207319525478,1.1872289427170926,0.3,1.0,True,False,False,True
2026-08-04 10:05:04.782054,AOSL,none,62867.0,16197.533333333333,-0.5376344086021559,3.7081348415891267,0.3,0.4594594594594628,True,False,False,False
2026-08-04 10:05:04.977649,CSCO,none,1423101.0,639463.8333333334,-0.15511892450879594,1.063040602942496,0.3,0.3461538461538619,True,False,False,False
2026-08-04 10:05:05.165419,DHI,none,174435.0,77369.13333333333,0.3832991101984958,0.7844839397862942,0.3,0.8615384615384575,True,False,False,True
2026-08-04 10:05:05.362352,A,none,202662.0,75771.85714285714,0.02861639719558738,0.39096699512580924,0.3,0.05714285714284438,False,False,False,False
2026-08-04 10:05:05.552681,MRNA,SELL,492081.0,195118.25,-1.6244198500535587,0.6683802015507131,0.3,0.8584905660377432,True,False,True,True
2026-08-04 10:05:08.262481,AFRM,none,413690.0,152692.0,-0.4343819928919288,0.3468222966820481,0.3,0.38372093023255643,False,False,True,False
2026-08-04 10:05:08.467064,MWH,none,159864.0,81857.71428571429,-0.03436426116839025,2.721343738957665,0.3,0.03846153846154477,False,False,False,False
2026-08-04 10:05:08.653407,CEVA,none,59490.0,26175.14285714286,-0.3299340131973801,0.39784508980750566,0.3,0.42307692307695144,False,False,False,False
2026-08-04 10:05:08.840666,RIOT,none,1877335.0,849070.3333333334,-0.6029684601113127,0.4326354994279094,0.3,0.4193548387096711,False,False,True,False
2026-08-04 10:05:09.025728,CVNA,BUY,1940010.0,525343.75,1.3024823781795805,0.2915568421280737,0.3,0.7943925233644857,True,True,False,True
2026-08-04 10:05:12.746928,IREN,none,3584440.0,2503307.4,-0.47559449311640756,0.5982860061705456,0.3,0.3423423423423512,False,False,False,False
2026-08-04 10:05:12.953688,HPE,none,2013394.0,993095.3,0.2593257530420815,1.1648716183660568,0.3,0.2131147540983534,True,False,False,False
2026-08-04 10:05:13.142244,DAL,none,548630.0,203290.75,0.3286230693394645,0.8634272438672976,0.3,0.7142857142857046,True,False,False,True
2026-08-04 10:05:13.334043,RBLX,none,3493355.0,1310611.75,-1.2388903851333175,1.5256675336975252,0.3,0.5679012345679006,True,False,False,False
2026-08-04 10:05:13.527690,IVZ,BUY,692863.0,204112.2,0.8812010443864216,0.8278386055021971,0.3,0.9642857142857089,True,True,False,True
2026-08-04 10:05:16.736079,JOBY,none,3605208.0,2010546.7333333334,-0.539083557951483,2.975226529610621,0.3,0.3636363636363629,False,False,False,False
2026-08-04 10:35:17.536965,AMAT,none,723655.0,247536.58333333334,-0.8412139872443428,0.5784628658319956,0.3,0.43672692673644486,True,False,True,False
2026-08-04 10:35:17.724572,LITE,none,1214396.0,286574.5333333333,-2.532180776096972,3.4010485031967175,0.3,0.7027379400260787,True,False,False,True
2026-08-04 10:35:17.906485,ALAB,none,641395.0,194014.8,0.6332957404354986,4.24233223295267,0.3,0.15950473415877603,True,False,False,False
2026-08-04 10:35:18.092060,STX,none,314239.0,284386.5333333333,-2.492165688564755,3.4978044475793135,0.3,0.5466133466633344,True,False,False,False
2026-08-04 10:35:18.279400,CIEN,none,266091.0,60941.5,-2.1356304285577905,0.20145763919247445,0.3,0.4421936758893273,True,False,True,False
2026-08-04 10:35:18.464666,AMD,none,3726562.0,1215676.8666666667,1.3403656263631771,1.269891735905359,0.3,0.4662068965517256,True,True,False,False
2026-08-04 10:35:18.662638,MPWR,none,84533.0,61788.2,-1.4178731902146697,4.333497994780588,0.3,0.4541923692026477,False,False,False,False
2026-08-04 10:35:18.850193,SIMO,none,48374.0,43720.166666666664,-0.5827067669172975,2.0828729810657216,0.3,0.19278606965174222,False,False,False,False
2026-08-04 10:35:19.036901,BE,none,2839189.0,823575.1,-1.1269855355399734,0.7782100864084189,0.3,0.1941896024464828,True,False,True,False
2026-08-04 10:35:19.242722,ISRG,none,251131.0,136962.16666666666,-2.400594180216985,1.2112006429710056,0.3,0.9397715472481843,False,False,True,True
2026-08-04 10:35:19.426071,CRDO,none,842493.0,231949.91666666666,0.5304347826086951,2.182064333365326,0.3,0.11596958174904921,True,False,False,False
2026-08-04 10:35:19.609399,ENTG,none,217018.0,157033.85714285713,-1.2910284463894834,0.864422883178262,0.3,0.31607142857142406,False,False,True,False
2026-08-04 10:35:19.797833,MXL,none,313523.0,155965.91666666666,0.334029227557424,1.7240929023296243,0.3,0.06818181818182056,False,False,False,False
2026-08-04 10:35:19.982748,NBIS,none,3042561.0,1425222.2,0.9149299939928791,5.194245870542079,0.3,0.1673710904480125,False,False,False,False
2026-08-04 10:35:20.173884,KLAC,none,1244965.0,518597.5,-0.15111250065134285,2.5803191822175138,0.3,0.06196581196581018,True,False,False,False
2026-08-04 10:35:20.503982,AMKR,none,487043.0,269582.5,0.16879219804950546,2.140293577751959,0.3,0.07199999999999704,False,False,False,False
2026-08-04 10:35:20.700459,DELL,none,840003.0,240102.33333333334,1.0149572649572656,2.152362324277206,0.3,0.268077601410935,True,False,False,False
2026-08-04 10:35:20.890782,AEHR,none,405809.0,138985.0,1.8696415659539327,6.841064821074911,0.3,0.2771864806505464,False,False,False,False
2026-08-04 10:35:21.077057,MRVL,none,5408262.0,1026249.3333333334,2.1618018189610115,0.35016694813070876,0.3,0.398945518453429,True,True,False,False
2026-08-04 10:35:21.264045,HOOD,none,2947054.0,1213412.2857142857,-1.532153646957274,0.2772975257935798,0.3,0.309368191721134,False,False,True,False
2026-08-04 10:35:21.447854,RCL,none,142931.0,97763.2,-1.44135942952511,1.2796544181477438,0.3,0.5157437567861032,False,False,True,False
2026-08-04 10:35:21.646678,ARM,none,1047040.0,311308.86666666664,3.606906338694409,2.818553716050632,0.3,0.5372871403405741,True,True,False,False
2026-08-04 10:35:21.854653,NXT,none,277832.0,235094.2,3.4134821811936527,1.7722707522590486,0.3,0.6516393442622971,False,True,False,True
2026-08-04 10:35:22.040660,INTC,none,15442289.0,4781703.3,1.99496010079799,1.479091579954308,0.3,0.4714640198511179,True,True,False,False
2026-08-04 10:35:22.223868,APTV,SELL,1199550.0,321482.2,-5.094152626362735,0.5752718826703658,0.3,0.8031249999999994,True,False,True,True
2026-08-04 10:35:24.928449,APO,none,360176.0,158077.06666666668,-0.17194216490816636,1.3803278538764885,0.3,0.07006369426751555,True,False,False,False
2026-08-04 10:35:25.123394,UAL,none,476064.0,142902.5,-0.8449004224502147,0.5046629325853313,0.3,0.39575971731449144,True,False,True,False
2026-08-04 10:35:25.307811,ASTS,none,3245972.0,930476.2857142857,-0.9633108306428015,0.29955150732416264,0.3,0.16376836905266964,False,False,True,False
2026-08-04 10:35:25.489083,ARWR,none,77814.0,58160.71428571428,0.1494252873563166,2.3020165574532694,0.3,0.07831325301204561,False,False,False,False
2026-08-04 10:35:25.674770,GTLB,none,262243.0,173088.06666666668,3.319027181688116,0.22953447518442124,0.3,0.828571428571427,False,True,False,True
2026-08-04 10:35:25.857753,VSAT,none,268001.0,166619.66666666666,-2.2737983034872675,4.087400350743947,0.3,0.6031249999999971,False,False,False,False
2026-08-04 10:35:26.089441,QNT,none,156027.0,110443.42857142857,-3.5801606706252134,1.4238187522449954,0.3,0.5678670360110797,False,False,True,False
2026-08-04 10:35:26.276693,VSH,none,678835.0,213322.66666666666,-0.1589403973509994,4.138066801702038,0.3,0.06250000000000232,True,False,False,False
2026-08-04 10:35:26.456446,TEAM,none,232396.0,136071.85714285713,2.9853620955315816,0.8317138603108223,0.3,0.7380952380952363,False,True,False,True
2026-08-04 10:35:26.637576,REZI,none,113926.0,58418.13333333333,0.8846153846153862,1.3653870491255027,0.3,0.29113924050632994,True,False,False,False
2026-08-04 10:35:26.814961,LEN,none,59477.0,79980.66666666667,-0.0817088829228521,1.065890493458415,0.3,0.06034482758621344,False,False,False,False
2026-08-04 10:35:26.995328,BROS,none,167833.0,149078.86666666667,-1.5126050420168204,2.119645509906215,0.3,0.7920000000000073,False,False,False,True
2026-08-04 10:35:27.177228,ALK,none,187237.0,91959.33333333333,-0.019376089905053306,1.4353870347007602,0.3,0.006493506493505205,False,False,False,False
2026-08-04 10:35:27.458920,AOSL,none,66865.0,16992.8,-3.4299231224127844,3.476394542886782,0.3,0.7250000000000016,True,False,False,True
2026-08-04 10:35:27.642732,CSCO,none,2208212.0,686548.0,0.8457544799866061,1.0939112436735265,0.3,0.34707903780068944,True,False,False,False
2026-08-04 10:35:27.822763,DHI,none,69517.0,68629.66666666667,0.8877962166222652,0.8500987863386853,0.3,0.7428571428571331,False,True,False,True
2026-08-04 10:35:27.999915,A,none,142394.0,79616.28571428571,-1.3275283705659935,0.36207242874664286,0.3,0.4285714285714314,False,False,True,False
2026-08-04 10:35:28.184080,MRNA,none,519899.0,193408.5,-1.0724331926863562,0.8134339062569904,0.3,0.2675438596491224,True,False,True,False
2026-08-04 10:35:28.368998,AFRM,none,153973.0,137034.66666666666,1.3852587558808185,0.36299144801736494,0.3,0.5221674876847299,False,True,False,False
2026-08-04 10:35:28.604322,MWH,none,145826.0,99073.28571428571,-1.8382352941176494,2.6107612783721814,0.3,0.4014598540145998,False,False,False,False
2026-08-04 10:35:28.790163,CEVA,none,23771.0,27270.0,-2.05056179775282,0.34662796481145386,0.3,1.0,False,False,True,True
2026-08-04 10:35:28.975656,RIOT,none,1489648.0,864739.6666666666,-0.5268614514608803,0.40835893426499414,0.3,0.13551515151515017,False,False,True,False
2026-08-04 10:35:29.160964,CVNA,none,787818.0,533531.4166666666,1.5539440580139285,0.302358807045555,0.3,0.5329949238578703,False,True,False,False
2026-08-04 10:35:29.352551,IREN,none,5782932.0,2505446.1333333333,3.2134659525631166,0.576266357904841,0.3,0.5039999999999992,False,True,False,True
2026-08-04 10:35:29.532883,HPE,SELL,4089999.0,1177119.8,-2.166888424253945,1.0990173948346686,0.3,0.5181818181818177,True,False,True,True
2026-08-04 10:35:32.227828,DAL,none,480135.0,201855.66666666666,-0.44067067927774156,0.9774301734894617,0.3,0.2789115646258579,True,False,False,False
2026-08-04 10:35:32.412324,RBLX,none,2566447.0,1362756.0,2.401746724890837,1.7130558220884495,0.3,0.5986394557823151,True,True,False,False
2026-08-04 10:35:32.595402,IVZ,none,489642.0,240580.7,0.44657097288675285,0.99718522979747,0.3,0.38888888888887735,False,False,False,False
2026-08-04 10:35:32.788270,JOBY,none,2742418.0,1988813.0,-0.39011703511053636,3.0547891908769502,0.3,0.13636363636363766,False,False,False,False
2026-08-04 11:05:33.607334,AMAT,none,283551.0,249493.41666666666,-0.5210065402948558,0.4815273886598681,0.3,0.3078602620087239,True,False,True,False
2026-08-04 11:05:33.797467,LITE,none,445426.0,281220.2,-0.5590630873777033,2.9113781074640177,0.3,0.2412896515860625,True,False,False,False
2026-08-04 11:05:33.975891,ALAB,none,257899.0,176338.86666666667,0.07488910651534965,3.8602058100736154,0.3,0.026530612244897,True,False,False,False
2026-08-04 11:05:34.164510,STX,none,184295.0,267497.86666666664,-0.08861940298507356,3.834583075590577,0.3,0.050938337801608106,True,False,False,False
2026-08-04 11:05:34.354719,CIEN,SELL,81689.0,65660.33333333333,-0.8087894954810089,0.29238278530913303,0.3,0.5971223021582719,True,False,True,True
2026-08-04 11:05:34.542614,AMD,BUY,2261709.0,1132696.2,1.2482635831817017,1.2001715940322437,0.3,0.7308132875143116,True,True,False,True
2026-08-04 11:05:37.752848,MPWR,none,68921.0,54421.333333333336,-2.7260296766818883,3.147261705580841,0.3,0.9201465201465258,False,False,False,True
2026-08-04 11:05:37.941673,SIMO,none,51767.0,43849.666666666664,-1.3282876064332985,1.845886283552709,0.3,0.5562599049128352,False,False,False,True
2026-08-04 11:05:38.123611,BE,none,1389760.0,929940.1,4.291864741232407,0.9803055491131938,0.3,0.7988313856427385,False,True,False,True
2026-08-04 11:05:38.314737,ISRG,none,160231.0,138517.25,-0.05978910751167802,1.97933816396779,0.3,0.08527131782944643,False,False,False,False
2026-08-04 11:05:38.503733,CRDO,none,416814.0,232135.66666666666,-0.6010550895096369,1.8830865931626282,0.3,0.19198895027624097,False,False,False,False
2026-08-04 11:05:38.694899,ENTG,none,141498.0,166979.42857142858,0.4941731818852245,1.086348360751368,0.3,0.319047619047614,False,False,False,False
2026-08-04 11:05:38.886251,MXL,none,245170.0,148521.75,-0.2631578947368389,1.6857620701601252,0.3,0.11949685534591026,False,False,False,False
2026-08-04 11:05:39.069860,NBIS,none,1623383.0,1247768.9333333333,1.232192753424029,3.246589263489357,0.3,0.4303999999999996,False,False,False,False
2026-08-04 11:05:39.256662,KLAC,none,557936.0,511786.3333333333,-0.34965034965035796,1.7745445496320578,0.3,0.22039473684211108,False,False,False,False
2026-08-04 11:05:39.444415,AMKR,none,471993.0,291185.8,2.0000000000000004,2.170547099432498,0.3,0.8167938931297698,False,False,False,True
2026-08-04 11:05:39.634428,DELL,none,281023.0,224180.2,0.6345848757271401,2.186999859059813,0.3,0.4330827067669266,False,False,False,False
2026-08-04 11:05:39.822587,AEHR,none,274614.0,134480.4,2.393119150012643,4.4459528556310035,0.3,0.6323529411764701,False,False,False,True
2026-08-04 11:05:40.006978,MRVL,none,1531921.0,1044643.25,0.15848599263506427,0.34723300564093285,0.3,0.07423580786026301,False,False,False,False
2026-08-04 11:05:40.194127,HOOD,none,2105010.0,1343933.2857142857,-0.5696133201884217,0.3639335410022957,0.3,0.25365853658536947,False,False,True,False
2026-08-04 11:05:40.379525,RCL,none,77065.0,80229.53333333334,0.38815809740919593,1.2471044639733153,0.3,0.346153846153845,False,False,False,False
2026-08-04 11:05:40.565643,ARM,none,603884.0,278272.6666666667,3.343106271179998,3.8747661193798146,0.3,0.747234042553194,True,False,False,True
2026-08-04 11:05:40.753663,NXT,none,346344.0,241450.7,-1.1833091135561558,2.794311622467948,0.3,0.4691358024691347,False,False,False,False
2026-08-04 11:05:40.939364,INTC,none,10100125.0,5320308.8,2.7074325715462173,2.38789949557166,0.3,0.840255591054309,False,True,False,True
2026-08-04 11:05:41.122987,APTV,none,906592.0,315675.6666666667,0.6889352818371572,1.1306700602061477,0.3,0.21290322580644994,True,False,False,False
2026-08-04 11:05:41.312595,APO,none,154996.0,148426.53333333333,-0.3444766303922318,1.0012650719019525,0.3,0.3520000000000022,False,False,False,False
2026-08-04 11:05:41.501476,UAL,none,169132.0,147895.1,-0.44133313042153716,0.7833938138604084,0.3,0.5742574257425637,False,False,False,False
2026-08-04 11:05:41.689837,ASTS,none,1577825.0,1027941.0,1.0828667761428805,0.35076044942064966,0.3,0.388989361702131,False,True,False,False
2026-08-04 11:05:41.895366,ARWR,none,92341.0,65513.42857142857,-0.9965065002004518,1.6964524343269876,0.3,0.6444444444444505,False,False,False,True
2026-08-04 11:05:42.082306,GTLB,none,139098.0,135307.46666666667,0.47078371642204847,0.3302705968679206,0.3,0.43589743589744756,False,True,False,False
2026-08-04 11:05:42.266870,VSAT,none,127624.0,159198.6,1.7129071170084287,3.6257479608140675,0.3,0.6120689655172378,False,False,False,False
2026-08-04 11:05:42.458394,QNT,none,118167.0,120616.85714285714,3.0911062906724527,2.006338374024627,0.3,0.7307692307692301,False,True,False,True
2026-08-04 11:05:42.643666,VSH,none,753955.0,255377.93333333332,-0.21237058667374115,3.372921310014896,0.3,0.09999999999999823,True,False,False,False
2026-08-04 11:05:42.829609,TEAM,none,243469.0,163089.0,0.2990654205607413,1.5060157252224535,0.3,0.17777777777777426,False,False,False,False
2026-08-04 11:05:43.010763,REZI,none,126136.0,64444.0,0.6083650190114074,1.3925256954377276,0.3,0.21052631578947345,True,False,False,False
2026-08-04 11:05:43.196742,LEN,none,48173.0,73814.26666666666,-0.5951686311121378,0.7545557055273859,0.3,0.6455696202531479,False,False,False,True
2026-08-04 11:05:43.487170,BROS,none,200293.0,147718.33333333334,-0.07768800497202791,2.2459823153197203,0.3,0.0806451612903174,False,False,False,False
2026-08-04 11:05:43.674527,ALK,none,82015.0,92649.66666666667,0.03875968992247291,0.9021093189865239,0.3,0.058823529411753644,False,False,False,False
2026-08-04 11:05:43.865592,AOSL,none,9646.0,16341.533333333333,0.7368744243168621,4.278443088231039,0.3,0.45283018867924807,False,False,False,False
2026-08-04 11:05:44.048216,CSCO,none,991634.0,710565.9166666666,-0.6559827285560128,1.3664520250252647,0.3,0.6638655462184939,True,False,False,True
2026-08-04 11:05:44.240212,DHI,none,68628.0,70365.06666666667,-0.5552922055935486,0.9562767151054086,0.3,0.6212121212121192,False,False,False,True
2026-08-04 11:05:44.428161,A,none,77550.0,83098.71428571429,-0.7804032083242894,0.9467169995579432,0.3,0.7941176470588205,False,False,False,True
2026-08-04 11:05:44.614063,MRNA,none,164445.0,192613.33333333334,-0.1959736326385167,0.7276001686461686,0.3,0.11578947368420958,False,False,False,False
2026-08-04 11:05:44.799188,AFRM,none,111229.0,129175.4,1.2762665979115755,0.21203104715463097,0.3,0.8918918918919005,False,True,False,True
2026-08-04 11:05:44.985519,MWH,none,88733.0,100377.0,-0.3080082135523609,2.9775206071468054,0.3,0.1499999999999994,False,False,False,False
2026-08-04 11:05:45.167962,CEVA,none,26572.0,27705.0,2.0051561157261615,0.45944969055519697,0.3,0.8641975308641986,False,True,False,True
2026-08-04 11:05:45.358420,RIOT,none,1075229.0,865219.75,1.8457169900615267,0.3307832677312333,0.3,0.5652173913043476,False,True,False,True
2026-08-04 11:05:45.542568,CVNA,none,641447.0,533357.8333333334,-0.014575134820004542,0.37304993801724595,0.3,0.007751937984500138,False,False,False,False
2026-08-04 11:05:45.729568,IREN,none,2688573.0,2219137.2,1.5814183345688178,0.45131456814538906,0.3,0.5378151260504217,False,True,False,True
2026-08-04 11:05:45.914188,HPE,none,2143153.0,1312296.1,-0.6019417475728199,1.6172501738745635,0.3,0.373493975903618,False,False,False,False
2026-08-04 11:05:46.097454,DAL,none,236174.0,200087.83333333334,-0.5073402417961991,0.8485878426071171,0.3,0.7704918032786874,False,False,False,True
2026-08-04 11:05:46.284381,RBLX,none,1086009.0,1317404.3333333333,-0.24006401707122807,1.8958845059095886,0.3,0.24324324324325414,True,False,False,False
2026-08-04 11:05:46.470429,IVZ,none,228900.0,249688.0,-0.5716100349317235,1.1646493446300024,0.3,0.5454545454545474,False,False,False,False
2026-08-04 11:05:46.659004,JOBY,none,1471392.0,1956371.0666666667,0.9126466753585435,2.27488948280297,0.3,0.4666666666666702,False,False,False,False
2026-08-04 11:35:47.539793,AMAT,none,200064.0,252748.83333333334,0.20788477244041959,0.4406956406531283,0.3,0.27722772277227303,True,False,False,False
2026-08-04 11:35:47.724833,LITE,none,352307.0,287289.6,1.7496243881161173,2.3980684876834273,0.3,0.7074963253307185,True,False,False,True
2026-08-04 11:35:47.909039,ALAB,none,189785.0,178312.2,-0.7195279896387969,3.729694953090558,0.3,0.49701789264413226,True,False,False,False
2026-08-04 11:35:48.097815,STX,none,223988.0,250119.0,-1.6404352699420965,3.6610781627888205,0.3,0.5878661087866143,True,False,False,False
2026-08-04 11:35:48.294509,CIEN,none,76160.0,67109.58333333333,0.8311879367414456,0.3024969522353614,0.3,0.4496021220159121,True,True,False,False
2026-08-04 11:35:48.475514,AMD,none,1613858.0,1130141.6666666667,-0.1932665919369178,1.1885220168906345,0.3,0.2638522427440659,False,False,False,False
2026-08-04 11:35:48.663648,MPWR,none,36119.0,48278.066666666666,0.39344018444832574,3.8279747524357273,0.3,0.4231999999999971,False,False,False,False
2026-08-04 11:35:48.853461,SIMO,none,18628.0,44709.916666666664,0.14181135257366437,2.0804781496732345,0.3,0.19576719576716362,False,False,False,False
2026-08-04 11:35:49.040016,BE,none,1335837.0,978480.4,0.2924605393316446,2.0302588932559233,0.3,0.14049586776859635,False,False,False,False
2026-08-04 11:35:49.226925,ISRG,none,146580.0,152232.58333333334,0.07072328156026192,1.9871455595497836,0.3,0.11504424778760705,False,False,False,False
2026-08-04 11:35:49.416443,CRDO,none,234211.0,231223.66666666666,0.652968831621104,1.5357898612165743,0.3,0.3099173553719006,False,False,False,False
2026-08-04 11:35:49.600234,ENTG,none,87434.0,168599.85714285713,1.4947245017585145,1.038806261654861,0.3,0.8535564853556519,False,True,False,True
2026-08-04 11:35:49.787300,MXL,none,101707.0,147207.08333333334,-0.13875398917718096,1.2793871565814485,0.3,0.1351351351351284,False,False,False,False
2026-08-04 11:35:49.975890,NBIS,none,753929.0,1152704.8,0.8593008005065249,3.002072122777595,0.3,0.4185022026431675,False,False,False,False
2026-08-04 11:35:50.163536,KLAC,none,348885.0,513463.9166666667,0.23566378633150933,1.5190101374000942,0.3,0.30201342281880733,False,False,False,False
2026-08-04 11:35:50.352787,AMKR,none,406521.0,305860.0,0.6959706959706876,2.705724354959285,0.3,0.7307692307692276,False,False,False,True
2026-08-04 11:35:50.534674,DELL,none,193833.0,226132.8,0.02844327754074947,1.9841621988869345,0.3,0.026859504132230604,False,False,False,False
2026-08-04 11:35:50.722636,AEHR,none,125148.0,132272.73333333334,3.019371417276134,4.28897211396774,0.3,0.6865939993257653,False,False,False,True
2026-08-04 11:35:50.912833,MRVL,none,933243.0,1079924.4166666667,0.1303113510494723,0.27901517329299075,0.3,0.10687022900763384,False,False,False,False
2026-08-04 11:35:51.102834,HOOD,none,1230734.0,1461753.857142857,1.1015642211940957,0.3764407908352969,0.3,0.6944444444444455,False,True,False,False
2026-08-04 11:35:51.289653,RCL,none,37232.0,75215.93333333333,-0.052219321148829954,1.140755704394224,0.3,0.1180555555555668,False,False,False,False
2026-08-04 11:35:51.473873,ARM,none,309677.0,268339.73333333334,-0.38708250387082926,4.140540712673598,0.3,0.23863636363636745,False,False,False,False
2026-08-04 11:35:51.659008,NXT,none,113122.0,243183.5,0.45144356955381293,2.9446771795875426,0.3,0.32575757575758263,False,False,False,False
2026-08-04 11:35:51.848571,INTC,none,7403506.0,5580379.4,-1.2127894156560026,3.6254524889451707,0.3,0.975806451612891,False,False,False,True
2026-08-04 11:35:52.037164,APTV,none,531989.0,342839.26666666666,1.119635081899246,1.2020880919991133,0.3,0.7297297297297363,False,False,False,True
2026-08-04 11:35:52.226687,APO,none,162406.0,145661.6,1.1246559182068476,1.0665705039138804,0.3,0.690821256038653,False,True,False,True
2026-08-04 11:35:52.409541,UAL,none,117463.0,148735.2,0.26737967914438066,0.8696807820495063,0.3,0.3804347826086946,False,False,False,False
2026-08-04 11:35:52.593507,ASTS,none,934839.0,1097629.2857142857,1.3177159590044007,0.3815757914291119,0.3,0.5033838581576201,False,True,False,False
2026-08-04 11:35:52.772425,ARWR,none,35407.0,68801.57142857143,1.1250253058391542,2.134107072689587,0.3,0.9441747572815629,False,False,False,True
2026-08-04 11:35:52.956539,GTLB,none,105248.0,126163.6,-0.9083402146985915,0.2852206695852177,0.3,0.6111111111111089,False,False,True,True
2026-08-04 11:35:53.143108,VSAT,none,236108.0,157629.4,1.6486774997034759,3.2670327691931162,0.3,0.7164948453608259,False,False,False,True
2026-08-04 11:35:53.327420,QNT,none,85419.0,121486.42857142857,0.8418098912662169,2.7581675189960153,0.3,0.28742514970059785,False,False,False,False
2026-08-04 11:35:53.509235,VSH,none,638415.0,262480.6,1.356743814844368,2.62867426070623,0.3,0.6219512195121925,True,False,False,False
2026-08-04 11:35:53.694184,TEAM,none,221062.0,185777.2857142857,0.3913165005124399,1.4044679634463142,0.3,0.31111111111111367,False,False,False,False
2026-08-04 11:35:53.880666,REZI,none,137828.0,65273.73333333333,0.7936507936507968,1.2802563206684736,0.3,0.2187500000000007,True,False,False,False
2026-08-04 11:35:54.068464,LEN,none,22083.0,68778.06666666667,0.46986961118290343,0.7880220099104296,0.3,0.5714285714285773,False,False,False,True
2026-08-04 11:35:54.253802,BROS,none,146442.0,146303.0,0.7151741293532463,2.1336991048287857,0.3,0.7666666666666871,False,False,False,True
2026-08-04 11:35:54.436801,ALK,none,72114.0,91838.91666666667,0.05812826971517368,0.8172816361622003,0.3,0.08823529411765137,False,False,False,False
2026-08-04 11:35:54.623901,AOSL,none,11012.0,16153.266666666666,0.18292682926829962,3.7906755694905607,0.3,0.23076923076924127,False,False,False,False
2026-08-04 11:35:54.810675,CSCO,none,841558.0,733297.25,-0.167196121049994,1.4595292906010875,0.3,0.384615384615393,True,False,False,False
2026-08-04 11:35:54.995234,DHI,none,92874.0,70471.2,0.29946232900020264,0.9551033120900555,0.3,0.3358778625954175,False,False,False,False
2026-08-04 11:35:55.187555,A,none,45292.0,84601.71428571429,0.46620046620045624,1.243614936168236,0.3,0.7804878048780386,False,False,False,True
2026-08-04 11:35:55.375026,MRNA,none,105064.0,189196.66666666666,1.2662742999821666,0.6317651042772734,0.3,0.7634408602150549,False,True,False,True
2026-08-04 11:35:55.564760,AFRM,none,102649.0,128852.73333333334,0.585465190276197,0.23556578016165547,0.3,0.6301369863013774,False,True,False,True
2026-08-04 11:35:55.751337,MWH,none,35077.0,95259.85714285714,0.7201646090535009,2.6521096150206964,0.3,0.6562500000000021,False,False,False,True
2026-08-04 11:35:55.947961,CEVA,none,13127.0,25523.0,0.22478224220286117,0.47150829388281884,0.3,0.26666666666665717,False,False,False,False
2026-08-04 11:35:56.135763,RIOT,none,732309.0,879907.1666666666,1.7649790989317184,0.36807150843469205,0.3,0.6079999999999984,False,True,False,True
2026-08-04 11:35:56.323947,CVNA,none,284214.0,499735.0,-0.5391228325804901,0.3168896673268245,0.3,0.5211267605633608,False,False,True,False
2026-08-04 11:35:56.513569,IREN,none,2719214.0,2150083.2,2.1340306494770087,0.4958033339091735,0.3,0.6696946564885471,False,True,False,True
2026-08-04 11:35:56.697165,HPE,none,1730360.0,1442146.8,-0.23437500000000888,1.6535965491088345,0.3,0.14457831325301781,False,False,False,False
2026-08-04 11:35:56.879420,DAL,none,171546.0,201313.91666666666,0.37969190713820167,1.0383544924423653,0.3,0.47945205479451014,False,False,False,False
2026-08-04 11:35:57.063944,RBLX,none,1403597.0,1341044.25,-0.37443166622091617,1.5094688542600252,0.3,0.5,True,False,False,False
2026-08-04 11:35:57.276699,IVZ,none,170406.0,253451.3,1.0220376876397326,1.1939702129925582,0.3,0.7804878048780493,False,False,False,True
2026-08-04 11:35:57.479452,JOBY,none,1633776.0,1982914.2,0.6459948320413413,2.4307949238730067,0.3,0.5555555555555545,False,False,False,True
2026-08-04 12:05:58.241057,AMAT,BUY,241979.0,260113.33333333334,0.8203855626955961,0.44760798679704744,0.3,0.5994587280108198,True,True,False,True
2026-08-04 12:05:58.427486,LITE,none,375858.0,284833.8,1.5949970220369252,2.1220321004055935,0.3,0.7253521126760542,True,False,False,True
2026-08-04 12:05:58.609071,ALAB,none,261177.0,185930.26666666666,1.0508945631405233,3.1343663388493943,0.3,0.7159763313609468,True,False,False,True
2026-08-04 12:05:58.792087,STX,none,234243.0,237881.46666666667,2.377224199288252,3.7361075794700103,0.3,0.8974473802059976,True,False,False,True
2026-08-04 12:05:58.979831,CIEN,BUY,54041.0,68350.58333333333,0.7189526608535223,0.3276149899200772,0.3,0.5008460236886721,True,True,False,True
2026-08-04 12:05:59.165374,AMD,none,1499266.0,1120695.4666666666,0.5244822914650518,0.9897286362312034,0.3,0.5221579961464151,False,False,False,False
2026-08-04 12:05:59.357566,MPWR,none,35431.0,43955.46666666667,0.3090995344975889,3.7624176760657897,0.3,0.20735952262556406,False,False,False,False
2026-08-04 12:05:59.543608,SIMO,none,27095.0,44349.583333333336,1.8541930046354949,2.0887377042860886,0.3,0.7986798679868037,False,False,False,True
2026-08-04 12:05:59.730816,BE,none,1012170.0,1001133.7,1.1621922977956856,2.0020242330918294,0.3,0.5376984126984095,False,False,False,False
2026-08-04 12:05:59.915414,ISRG,none,264797.0,162640.58333333334,-0.3779022347887517,1.9939687350052728,0.3,0.6619047619047482,False,False,False,True
2026-08-04 12:06:00.107622,CRDO,none,155935.0,238989.83333333334,1.0862979312732584,1.5083822017478468,0.3,0.6048192771084349,False,False,False,True
2026-08-04 12:06:00.294427,ENTG,none,79019.0,166583.85714285713,1.364620938628149,1.4045588905680209,0.3,0.8915094339622558,False,False,False,True
2026-08-04 12:06:00.482746,MXL,none,134810.0,150270.75,0.8475753786299839,1.0060753806270395,0.3,0.5922330097087367,False,False,False,False
2026-08-04 12:06:00.673853,NBIS,none,891048.0,1080639.3333333333,0.6677422246123551,2.7371263948103857,0.3,0.3130252100840343,False,False,False,False
2026-08-04 12:06:00.862822,KLAC,none,600667.0,527159.6666666666,1.5149140678054671,1.5843578452371143,0.3,0.7379134860050892,False,False,False,True
2026-08-04 12:06:01.050768,AMKR,none,350600.0,317715.9,0.8543901108889272,2.658664728500299,0.3,0.5340909090909063,False,False,False,False
2026-08-04 12:06:01.243000,DELL,none,290277.0,225328.26666666666,1.2422631935787254,1.4339844976503042,0.3,0.7573333333333342,False,False,False,True
2026-08-04 12:06:01.439640,AEHR,none,180672.0,133414.13333333333,1.899280575539572,4.22288614855333,0.3,0.7532240270856346,False,False,False,True
2026-08-04 12:06:01.628912,MRVL,none,1303706.0,1137331.3333333333,1.008504903099882,0.27921694520198315,0.3,0.542500000000004,False,True,False,False
2026-08-04 12:06:01.812552,HOOD,none,1394480.0,1596977.5714285714,0.43587228941920636,0.4735295879955423,0.3,0.38095238095238226,False,False,False,False
2026-08-04 12:06:02.001466,RCL,none,49879.0,76834.0,-0.02764892015605511,1.1539860065642125,0.3,0.0775862068965285,False,False,False,False
2026-08-04 12:06:02.192710,ARM,none,248189.0,267070.06666666665,0.15915315715449213,4.042857133534677,0.3,0.15925925925926246,False,False,False,False
2026-08-04 12:06:02.384194,NXT,none,157464.0,235114.8,1.6408862876254109,2.8441740570830474,0.3,0.6738197424892679,False,False,False,True
2026-08-04 12:06:02.571987,INTC,none,5195356.0,5943044.8,1.0956680531602034,4.093235531215399,0.3,0.8709677419354975,False,False,False,True
2026-08-04 12:06:02.759488,APTV,none,487608.0,373627.0,-2.153846153846148,1.2526329244667984,0.3,0.8749999999999956,False,False,True,True
2026-08-04 12:06:02.944312,APO,none,113908.0,146459.06666666668,0.6462161320461013,1.2448603859166203,0.3,0.5389610389610449,False,False,False,False
2026-08-04 12:06:03.119033,UAL,none,106791.0,167347.4,0.3352636391344085,0.9434775734933539,0.3,0.5500000000000089,False,False,False,False
2026-08-04 12:06:03.300014,ASTS,none,575138.0,1161732.0,-0.4336826888326667,0.4321481368610943,0.3,0.3092783505154614,False,False,True,False
2026-08-04 12:06:03.485279,ARWR,none,58693.0,62246.857142857145,0.32029283916723994,2.9305064754415704,0.3,0.321839080459775,False,False,False,False
2026-08-04 12:06:03.667653,GTLB,none,141296.0,121660.33333333333,0.6111111111111079,0.31253637402609513,0.3,0.48888888888888327,False,True,False,False
2026-08-04 12:06:03.847199,VSAT,none,308347.0,163871.26666666666,0.3381924198250802,3.2792109679028862,0.3,0.26126126126126703,False,False,False,False
2026-08-04 12:06:04.048937,QNT,none,46592.0,118121.57142857143,0.0,2.5142044179683785,0.3,0.0,False,False,False,False
2026-08-04 12:06:04.240708,VSH,none,304818.0,270687.93333333335,0.8398950131233603,2.3694470800081078,0.3,0.592592592592594,False,False,False,False
2026-08-04 12:06:04.426410,TEAM,none,204436.0,204634.42857142858,-0.04639940608761263,1.4930417011877122,0.3,0.05208333333334474,False,False,False,False
2026-08-04 12:06:04.620520,REZI,none,120358.0,70977.73333333334,0.14992503748125618,1.2442916937820199,0.3,0.11111111111110891,True,False,False,False
2026-08-04 12:06:04.883840,LEN,none,38078.0,68130.26666666666,0.3039869051794752,0.7967627652596387,0.3,0.5909090909090865,False,False,False,True
2026-08-04 12:06:05.066545,BROS,none,163741.0,148818.8,-0.7251967288998593,2.172969893612885,0.3,0.610389610389612,False,False,False,True
2026-08-04 12:06:05.248427,ALK,none,95583.0,95829.91666666667,0.23219814241485573,0.7812431233937647,0.3,0.31578947368420757,False,False,False,False
2026-08-04 12:06:05.434385,AOSL,none,10079.0,15960.866666666667,-0.395617772367628,3.4713453292540755,0.3,0.36111111111111877,False,False,False,False
2026-08-04 12:06:05.622190,CSCO,none,636355.0,760085.8333333334,0.8456836640709963,1.3945548590766035,0.3,0.8706896551724085,True,False,False,True
2026-08-04 12:06:05.806587,DHI,none,50781.0,70371.4,0.3258877045284936,0.9562050275071514,0.3,0.6075949367088899,False,False,False,True
2026-08-04 12:06:05.988526,A,none,49256.0,83835.57142857143,0.26852456636911576,1.36211019827785,0.3,0.3978494623655934,False,False,False,False
2026-08-04 12:06:06.187449,MRNA,none,192576.0,189290.5,0.12328284607256126,0.6390105118035799,0.3,0.11666666666666686,False,False,False,False
2026-08-04 12:06:06.385487,AFRM,none,105691.0,129618.06666666667,-0.1771255060728752,0.2565606439091803,0.3,0.21212121212120952,False,False,False,False
2026-08-04 12:06:06.571166,MWH,none,26729.0,81292.57142857143,1.4955812372535613,2.6521096150206964,0.3,0.8461538461538367,False,False,False,True
2026-08-04 12:06:06.759269,CEVA,none,20149.0,25409.428571428572,0.19629837352776303,0.4790074887442083,0.3,0.28000000000000114,False,False,False,False
2026-08-04 12:06:06.949012,RIOT,none,551254.0,873091.6666666666,-0.5015959872320995,0.43266861853738064,0.3,0.44897959183673053,False,False,True,False
2026-08-04 12:06:07.141306,CVNA,none,337121.0,491184.3333333333,0.1171817782334822,0.2829829430082368,0.3,0.1066666666666644,False,False,False,False
2026-08-04 12:06:07.329496,IREN,none,2075582.0,2044259.8666666667,-1.2380952380952455,0.5522535526752826,0.3,0.6842105263157889,False,False,True,True
2026-08-04 12:06:07.517725,HPE,none,1676052.0,1534734.0,1.6836335160532487,1.5679835109073326,0.3,0.7818181818181803,False,True,False,True
2026-08-04 12:06:07.707641,DAL,none,197533.0,231707.75,-0.09727626459142802,1.190231255297646,0.3,0.2249999999999698,False,False,False,False
2026-08-04 12:06:07.893394,RBLX,none,1786759.0,1444206.0833333333,0.2416107382550427,1.5046315627367326,0.3,0.23076923076923916,True,False,False,False
2026-08-04 12:06:08.178740,IVZ,none,202489.0,268514.8,0.4742333227948218,1.577234345857458,0.3,0.789473684210547,False,False,False,True
2026-08-04 12:06:08.366090,JOBY,none,2164488.0,2034405.6666666667,0.7702182284980694,2.2563508705347015,0.3,0.7499999999999944,False,False,False,True
2026-08-04 12:36:09.208021,AMAT,none,231865.0,262818.6666666667,-0.13774357655787986,0.5193010423834141,0.3,0.2071823204419887,True,False,False,False
2026-08-04 12:36:09.525550,LITE,none,337464.0,283213.86666666664,0.1078698058343447,2.1698532673482216,0.3,0.056372549019605166,False,False,False,False
2026-08-04 12:36:09.798434,ALAB,none,241298.0,196986.53333333333,1.2343204078125902,2.867884314229528,0.3,0.8620000000000004,True,False,False,True
2026-08-04 12:36:10.216559,STX,none,217024.0,227961.6,-0.8288413609227354,3.745308541919017,0.3,0.5521235521235485,True,False,False,False
2026-08-04 12:36:10.399464,CIEN,none,29854.0,69322.66666666667,0.10130490363974431,0.34275096843621883,0.3,0.10579345088161538,False,False,False,False
2026-08-04 12:36:10.667174,AMD,none,1142871.0,1160436.5333333334,0.633581759007831,0.8499319036309791,0.3,0.7908653846153819,False,False,False,True
2026-08-04 12:36:10.991301,MPWR,none,22191.0,40612.6,-0.2867065691273097,3.1674246229203677,0.3,0.3674242424242331,False,False,False,False
2026-08-04 12:36:11.170730,SIMO,none,14693.0,39347.666666666664,0.4400481420189619,2.3410929449360354,0.3,0.5763546798029551,False,False,False,True
2026-08-04 12:36:11.352718,BE,none,527711.0,1020869.7,-1.3439036798372002,2.121614484786149,0.3,0.8128205128205084,False,False,False,True
2026-08-04 12:36:11.534754,ISRG,none,212969.0,172811.16666666666,0.051855895196505936,2.001375941209571,0.3,0.12337662337662027,False,False,False,False
2026-08-04 12:36:11.722995,CRDO,none,238432.0,250252.16666666666,1.4598227663855459,1.7658556269868426,0.3,0.7045454545454534,False,False,False,True
2026-08-04 12:36:11.908862,ENTG,none,82355.0,161280.0,1.2904605732211625,1.5932677814847311,0.3,0.6219931271477679,False,False,False,False
2026-08-04 12:36:12.091952,MXL,none,117289.0,151050.16666666666,0.6206896551724177,0.8470065656871464,0.3,0.4891304347826184,False,False,False,False
2026-08-04 12:36:12.366585,NBIS,none,697940.0,1021463.2,-0.21353263045508689,2.6961915712845967,0.3,0.17518248175182233,False,False,False,False
2026-08-04 12:36:12.558003,KLAC,none,379226.0,521973.0,-0.10808585104739284,2.023369273461199,0.3,0.10994764397904708,False,False,False,False
2026-08-04 12:36:12.748513,AMKR,none,256016.0,329963.8,0.7027027027027037,2.5534140153926606,0.3,0.5416666666666683,False,False,False,False
2026-08-04 12:36:13.029707,DELL,none,263387.0,231542.06666666668,0.512410274150308,1.4370754048403531,0.3,0.3866231647634594,False,False,False,False
2026-08-04 12:36:13.296910,AEHR,none,218417.0,140323.13333333333,3.009150080181113,4.113738130429369,0.3,0.9522388059701502,False,False,False,True
2026-08-04 12:36:13.478187,MRVL,none,1128861.0,1212862.1666666667,0.10124718118643236,0.329378741281683,0.3,0.09016393442622912,False,False,False,False
2026-08-04 12:36:13.663255,HOOD,none,1334296.0,1625461.2857142857,0.7268387936645557,0.44515868348783405,0.3,0.5403225806451535,False,True,False,False
2026-08-04 12:36:13.997199,RCL,none,85339.0,75428.66666666667,0.36547911547911477,1.0717621295485211,0.3,0.2967581047381547,False,False,False,False
2026-08-04 12:36:14.260704,ARM,none,343941.0,277433.4,1.3341710399881788,3.7761722052035696,0.3,0.702334630350199,False,False,False,True
2026-08-04 12:36:14.443214,NXT,none,99036.0,240517.4,-0.11302918207973638,2.9184506930907417,0.3,0.09401709401709339,False,False,False,False
2026-08-04 12:36:14.623990,INTC,none,5968680.0,6111102.9,-0.040144520272989016,4.220901490568607,0.3,0.0449438202247261,False,False,False,False
2026-08-04 12:36:14.904747,APTV,none,674447.0,415378.93333333335,-0.9851184238105195,1.4090061986285332,0.3,0.8703703703703697,False,False,False,True
2026-08-04 12:36:15.246737,APO,none,230518.0,155015.73333333334,0.7729767334003246,1.4340573904431262,0.3,0.6622516556291306,False,False,False,True
2026-08-04 12:36:15.426744,UAL,none,282067.0,177691.8,0.7285421567883278,0.9779605622563478,0.3,0.6530612244897825,False,False,False,False
2026-08-04 12:36:15.609995,ASTS,none,628984.0,1173547.0,0.217706821480394,0.4251623538167449,0.3,0.1304347826086876,False,False,False,False
2026-08-04 12:36:15.796227,ARWR,none,46178.0,62579.857142857145,0.621436716077539,2.587860699619462,0.3,0.6488095238095232,False,False,False,True
2026-08-04 12:36:16.068030,GTLB,none,76051.0,117231.13333333333,0.7730535615681975,0.29676077846326543,0.3,0.6666666666666666,False,True,False,True
2026-08-04 12:36:16.347858,VSAT,none,202084.0,164186.86666666667,0.6504820536647721,3.258115728459323,0.3,0.47457627118643986,False,False,False,False
2026-08-04 12:36:16.527702,QNT,none,41747.0,102073.14285714286,0.7652173913043439,2.2862738825125164,0.3,0.7857142857142885,False,False,False,True
2026-08-04 12:36:16.858654,VSH,none,273089.0,276036.8,0.8066614623991732,1.98488399320894,0.3,0.5961538461538469,False,False,False,False
2026-08-04 12:36:17.058547,TEAM,none,159943.0,211342.2857142857,0.9286775631500742,1.3832205158197497,0.3,0.8196721311475322,False,False,False,True
2026-08-04 12:36:17.339820,REZI,none,152443.0,81253.09810235768,-0.8233532934131694,0.9939275892423604,0.3,0.7333333333333278,True,False,False,True
2026-08-04 12:36:17.724009,LEN,none,39234.0,61359.933333333334,0.8510142224294753,0.7795412529700216,0.3,0.7373737373737452,False,True,False,True
2026-08-04 12:36:17.991178,BROS,none,114887.0,143627.33333333334,0.5897873661337815,2.0958309578902217,0.3,0.4935064935064902,False,False,False,False
2026-08-04 12:36:18.294893,ALK,none,96373.0,99558.83333333333,0.7333076032419964,0.7778521225032272,0.3,0.5846153846153834,False,False,False,True
2026-08-04 12:36:18.561179,AOSL,none,14543.0,16042.8,0.9765028989929821,2.887522500710055,0.3,0.6153846153846206,False,False,False,True
2026-08-04 12:36:18.746301,CSCO,none,609218.0,767692.8333333334,0.12455368263720955,1.4976562686787207,0.3,0.3333333333333123,True,False,False,False
2026-08-04 12:36:19.130355,DHI,none,42342.0,54900.13333333333,0.5887926367081785,1.0253968514694363,0.3,0.6170212765957493,False,False,False,True
2026-08-04 12:36:19.312331,A,none,27166.0,81524.85714285714,0.13029315960912546,1.435636504327721,0.3,0.276923076923085,False,False,False,False
2026-08-04 12:36:19.491948,MRNA,none,102302.0,192430.33333333334,0.7213230119634,0.6477870294067509,0.3,0.6212121212121192,False,True,False,False
2026-08-04 12:36:19.764641,AFRM,none,89529.0,127142.66666666667,0.3422053231939113,0.25473126337555496,0.3,0.539999999999992,False,True,False,False
2026-08-04 12:36:19.945520,MWH,none,20912.0,72009.57142857143,-0.9048257372654142,3.5170828921163704,0.3,0.8999999999999965,False,False,False,True
2026-08-04 12:36:20.129775,CEVA,none,13963.0,23945.428571428572,0.5877413937867363,0.4806732542406986,0.3,0.4883720930232581,False,True,False,False
2026-08-04 12:36:20.317463,RIOT,none,646568.0,893074.6666666666,0.8711600183402168,0.39892488848722096,0.3,0.49350649350649484,False,True,False,False
2026-08-04 12:36:20.499225,CVNA,none,241010.0,487861.5,-0.10241404535478155,0.270121283089957,0.3,0.13999999999998636,False,False,False,False
2026-08-04 12:36:20.767238,IREN,none,1771874.0,2008547.5333333334,-0.048216007714551645,0.5431819257634245,0.3,0.03999999999999204,False,False,False,False
2026-08-04 12:36:20.954279,HPE,none,905341.0,1504549.3,0.6548536209553087,1.6579842759361054,0.3,0.5762711864406753,False,False,False,True
2026-08-04 12:36:21.141109,DAL,none,455063.0,233383.5,0.5950448988423641,1.1500903777350107,0.3,0.5729166666666674,False,False,False,True
2026-08-04 12:36:21.329738,RBLX,none,1882200.0,1483053.3333333333,1.7139796464916803,1.5422813517964908,0.3,0.6597938144329837,True,True,False,False
2026-08-04 12:36:21.512600,IVZ,none,199599.0,292585.6,0.1258653241032069,1.5690599371436087,0.3,0.44444444444443565,False,False,False,False
2026-08-04 12:36:21.784884,JOBY,none,2787782.0,1945442.4,1.6581632653061211,2.001033402380261,0.3,0.8666666666666639,False,False,False,True
2026-08-04 13:06:22.714493,AMAT,none,154307.0,269417.5833333333,0.2979365137749668,0.4908697648053109,0.3,0.4969325153374261,False,False,False,False
2026-08-04 13:06:22.903575,LITE,none,227050.0,288933.0,0.13938016819321777,2.0147334365000154,0.3,0.1205673758865303,False,False,False,False
2026-08-04 13:06:23.087297,ALAB,none,270904.0,205903.86666666667,0.9165487977369191,2.4083827895271526,0.3,0.7248322147650983,True,False,False,True
2026-08-04 13:06:23.287055,STX,none,189288.0,226186.0,1.0584854078556845,3.8375890454766073,0.3,0.9311408016444023,True,False,False,True
2026-08-04 13:06:23.473249,CIEN,BUY,52042.0,71111.91666666667,0.6403774856757728,0.29867102618682645,0.3,0.6855670103092856,True,True,False,True
2026-08-04 13:06:23.665509,AMD,none,1275957.0,1185530.8,0.35792213757991126,0.8691905324753775,0.3,0.48445595854922224,False,False,False,False
2026-08-04 13:06:23.853549,MPWR,none,21262.0,38665.666666666664,-0.18081306596713162,2.707226856644975,0.3,0.18290854572714166,False,False,False,False
2026-08-04 13:06:24.039517,SIMO,none,57289.0,40134.166666666664,-0.14980712332870577,2.482766534454588,0.3,0.12345679012344943,False,False,False,False
2026-08-04 13:06:24.223419,BE,none,590692.0,1017180.0,-0.12457579792946091,2.456450465846175,0.3,0.09294871794871526,False,False,False,False
2026-08-04 13:06:24.411210,ISRG,none,196246.0,169751.66666666666,0.14460724127582592,2.006084521462884,0.3,0.2977528089887852,False,False,False,False
2026-08-04 13:06:24.597866,CRDO,none,199653.0,255033.75,1.1374168000674096,1.8559698809510934,0.3,0.9121621621621743,False,False,False,True
2026-08-04 13:06:24.784514,ENTG,none,58009.0,100214.42857142857,0.10550749103186727,1.7805022925647602,0.3,0.07936507936508175,False,False,False,False
2026-08-04 13:06:24.984925,MXL,none,92519.0,152180.08333333334,-0.15078821110349477,0.9120253716846797,0.3,0.13580246913580138,False,False,False,False
2026-08-04 13:06:25.172078,NBIS,none,439898.0,993029.9333333333,0.2899455794450913,2.4426565206765316,0.3,0.3299492385786833,False,False,False,False
2026-08-04 13:06:25.360767,KLAC,none,296443.0,529931.4166666666,0.3143033800494565,1.930252677864506,0.3,0.6421052631578869,False,False,False,False
2026-08-04 13:06:25.550697,AMKR,none,211970.0,323539.8,0.3398318726524859,2.611141665301968,0.3,0.5135135135135203,False,False,False,False
2026-08-04 13:06:25.727844,DELL,BUY,423488.0,254372.86666666667,1.6154011615401265,1.4211055844686031,0.3,0.8040685224839424,True,True,False,True
2026-08-04 13:06:28.428092,AEHR,none,156717.0,141731.73333333334,-0.11912398057362363,4.5401902858943375,0.3,0.06018797166535296,False,False,False,False
2026-08-04 13:06:28.616380,MRVL,none,1142104.0,1238542.75,1.1488970588235294,0.29835047863394515,0.3,0.625,False,True,False,False
2026-08-04 13:06:28.802626,HOOD,none,958654.0,1497505.857142857,0.15081331466120929,0.4366042271423553,0.3,0.11200000000000046,False,False,False,False
2026-08-04 13:06:28.988115,RCL,none,24910.0,73154.0,-0.08264968776784064,1.1103005830366213,0.3,0.12676056338027342,False,False,False,False
2026-08-04 13:06:29.175361,ARM,none,260730.0,279677.06666666665,0.3101850162391062,3.8047615226143927,0.3,0.474860335195538,False,False,False,False
2026-08-04 13:06:29.517779,NXT,none,217787.0,251638.8,-1.0585817060637217,2.9503964887896745,0.3,0.36917562724014297,False,False,False,False
2026-08-04 13:06:29.707462,INTC,none,3045353.0,6085980.7,0.532181945978513,3.96688099771749,0.3,0.7260273972602715,False,False,False,True
2026-08-04 13:06:29.896232,APTV,none,593910.0,441225.26666666666,-0.46550994498518594,1.4721904156727694,0.3,0.31884057971014435,False,False,False,False
2026-08-04 13:06:30.085771,APO,none,156092.0,157903.26666666666,0.0,1.5948288067025183,0.3,0.0,False,False,False,False
2026-08-04 13:06:30.268332,UAL,none,146721.0,183419.7,0.2712886209495205,1.154226694175894,0.3,0.545454545454569,False,False,False,False
2026-08-04 13:06:30.452528,ASTS,none,663766.0,1128476.7142857143,1.2309920347574346,0.40152830761031433,0.3,0.6393861892583151,False,True,False,True
2026-08-04 13:06:30.634784,ARWR,none,22362.0,51349.0,0.3682928211229969,2.5701493189125615,0.3,0.5002308757888004,False,False,False,False
2026-08-04 13:06:30.822796,GTLB,none,76210.0,116620.33333333333,-0.21911804984935168,0.3254141371267452,0.3,0.25806451612902487,False,False,False,False
2026-08-04 13:06:31.003047,VSAT,none,99345.0,160081.8,-0.5422868351217248,3.28727686539042,0.3,0.4519230769230793,False,False,False,False
2026-08-04 13:06:31.186594,QNT,none,48749.0,74100.14285714286,-0.3623188405797116,2.483488273160468,0.3,0.2560975609756107,False,False,False,False
2026-08-04 13:06:31.375000,VSH,none,232434.0,289539.13333333336,0.4905757810482955,2.070842954327705,0.3,0.3584905660377442,False,False,False,False
2026-08-04 13:06:31.558116,TEAM,none,118727.0,182108.0,0.04600662495399076,1.395246295752735,0.3,0.06329113924050223,False,False,False,False
2026-08-04 13:06:31.744106,REZI,none,92034.0,88739.7263944796,0.4146249528835259,1.1133518326212428,0.3,0.5499999999999992,False,False,False,False
2026-08-04 13:06:31.932912,LEN,none,28723.0,56723.8,0.13872832369942723,0.9445273630252904,0.3,0.2666666666666751,False,False,False,False
2026-08-04 13:06:32.119850,BROS,none,51089.0,146323.6,-0.5402902130287038,2.272714311229712,0.3,0.8333333333333446,False,False,False,True
2026-08-04 13:06:32.306567,ALK,none,60534.0,101499.83333333333,0.07658433850278816,0.970834829120039,0.3,0.160000000000025,False,False,False,False
2026-08-04 13:06:32.614609,AOSL,none,9879.0,15895.6,0.48367593712213935,2.8177275075901482,0.3,0.6153846153846343,False,False,False,True
2026-08-04 13:06:32.802626,CSCO,none,443145.0,774681.8333333334,0.16585123144539585,1.495294753387808,0.3,0.37037037037037135,True,False,False,False
2026-08-04 13:06:32.983635,DHI,none,54447.0,57694.8,0.35647027172450974,1.172781970403304,0.3,0.5578947368421131,False,False,False,True
2026-08-04 13:06:33.166042,A,none,33452.0,59203.57142857143,0.1515698303861274,1.4864748855344903,0.3,0.41176470588232017,False,False,False,False
2026-08-04 13:06:33.351256,MRNA,none,135467.0,191697.58333333334,0.331877729257638,0.6541882948951503,0.3,0.5,False,False,False,False
2026-08-04 13:06:33.534373,AFRM,none,118496.0,125826.26666666666,0.26528549772613436,0.2663715849589624,0.3,0.6363636363636638,False,False,False,True
2026-08-04 13:06:33.719776,MWH,none,31783.0,55134.42857142857,0.7434944237918177,4.21345207299399,0.3,0.6285714285714228,False,False,False,True
2026-08-04 13:06:33.912889,CEVA,none,15568.0,17942.714285714286,0.72322670375521,0.5064539922996342,0.3,0.7222222222222179,False,True,False,True
2026-08-04 13:06:34.096666,RIOT,none,885588.0,855893.8333333334,-0.6818181818181753,0.4186495560708982,0.3,0.5999999999999943,False,False,True,True
2026-08-04 13:06:34.281049,CVNA,none,182083.0,484319.1666666667,-0.05857372968224667,0.25969713847443765,0.3,0.08333333333334567,False,False,False,False
2026-08-04 13:06:34.471837,IREN,none,1530379.0,2005484.7333333334,-1.037144235407621,0.5018044257619871,0.3,0.7337883959044382,False,False,True,True
2026-08-04 13:06:34.656867,HPE,none,890171.0,1508215.3,0.9946442234123871,1.8065107092603803,0.3,0.693333333333328,False,False,False,True
2026-08-04 13:06:34.848950,DAL,none,108030.0,238886.25,0.010756157900403482,1.2825093932613987,0.3,0.027777777777792032,False,False,False,False
2026-08-04 13:06:35.029180,RBLX,none,825136.0,1460594.1666666667,0.13164823591365,1.7092179685448676,0.3,0.11904761904762871,False,False,False,False
2026-08-04 13:06:35.215940,IVZ,none,295922.0,283655.8,-0.4399748585795115,1.6162594336823115,0.3,0.34999999999999953,False,False,False,False
2026-08-04 13:06:35.403206,JOBY,none,1620037.0,1906386.4666666666,-0.25062656641604586,2.3444665855346978,0.3,0.28571428571429114,False,False,False,False
2026-08-04 13:36:36.147230,AMAT,none,172668.0,267831.8333333333,0.3153937838085683,0.43956656670789596,0.3,0.53750000000002,False,False,False,False
2026-08-04 13:36:36.339028,LITE,none,176854.0,286460.4666666667,0.19757762813317678,2.0120345351812365,0.3,0.20023696682463626,False,False,False,False
2026-08-04 13:36:36.520630,ALAB,none,216149.0,207125.8,0.4822655264264762,2.428984433712465,0.3,0.4574468085106467,True,False,False,False
2026-08-04 13:36:36.708886,STX,none,141248.0,226104.66666666666,-0.1098646929571002,3.65480132083794,0.3,0.1841085271317929,True,False,False,False
2026-08-04 13:36:36.894545,CIEN,none,68651.0,75889.25,0.02392687945638674,0.2946991182536861,0.3,0.05263157894738102,True,False,False,False
2026-08-04 13:36:37.075689,AMD,none,1004041.0,1214757.3333333333,-0.059121943776949896,0.8688983698137565,0.3,0.14761904761907418,False,False,False,False
2026-08-04 13:36:37.256787,MPWR,none,22212.0,36907.666666666664,0.05121353818749014,2.38594722455191,0.3,0.07403433476395486,False,False,False,False
2026-08-04 13:36:37.456549,SIMO,none,16091.0,37448.0,-0.022443330590260446,2.4585047092599535,0.3,0.026315789473685524,False,False,False,False
2026-08-04 13:36:37.637768,BE,none,428346.0,1031499.6,-0.8418882350414535,2.3393618041540805,0.3,0.7,False,False,False,True
2026-08-04 13:36:37.858949,ISRG,none,91289.0,169154.66666666666,-0.043581292730086936,1.9431880227386817,0.3,0.10526315789471716,False,False,False,False
2026-08-04 13:36:38.047920,CRDO,none,124923.0,256799.0,0.1875781575656476,1.8263851944045277,0.3,0.34351145038167014,False,False,False,False
2026-08-04 13:36:38.239795,ENTG,none,43743.0,76818.71428571429,0.4637762630876232,1.4248460059574755,0.3,0.5038167938931263,False,False,False,False
2026-08-04 13:36:38.426413,MXL,none,85650.0,154927.66666666666,-0.15114042319318416,0.8184352236873462,0.3,0.1527777777777742,False,False,False,False
2026-08-04 13:36:38.618201,NBIS,none,367727.0,962141.2666666667,0.24907708046078095,2.2932703586778604,0.3,0.31111111111109463,False,False,False,False
2026-08-04 13:36:38.802532,KLAC,none,418278.0,532254.5833333334,0.33894823336072133,1.7730602406216445,0.3,0.7764705882352952,False,False,False,True
2026-08-04 13:36:38.989065,AMKR,none,166214.0,315752.3,0.39222677839186815,2.569261784107329,0.3,0.49999999999999195,False,False,False,False
2026-08-04 13:36:39.181957,DELL,none,274736.0,268811.86666666664,0.31756113051762463,1.5409727270475893,0.3,0.3787878787878807,False,False,False,False
2026-08-04 13:36:39.372162,AEHR,none,102515.0,147680.8,0.587587219977966,4.566168738166346,0.3,0.4383561643835639,False,False,False,False
2026-08-04 13:36:39.559695,MRVL,none,657581.0,1249765.6666666667,0.5133563510812263,0.3003502013313722,0.3,0.6569767441860443,False,True,False,False
2026-08-04 13:36:39.742873,HOOD,none,637765.0,1170396.7142857143,0.03227541689080273,0.29847019391274887,0.3,0.04761904761904977,False,False,False,False
2026-08-04 13:36:39.933848,RCL,none,30311.0,71886.93333333333,0.17464305410870556,1.0673425232397142,0.3,0.4160583941605776,False,False,False,False
2026-08-04 13:36:40.126018,ARM,none,212443.0,283639.86666666664,0.14548099654483873,3.8353848002852806,0.3,0.29411764705884563,False,False,False,False
2026-08-04 13:36:40.312288,NXT,none,192306.0,255235.4,0.28049033866610845,2.8728168371144096,0.3,0.18243243243242926,False,False,False,False
2026-08-04 13:36:40.496723,INTC,none,2931578.0,6131402.4,0.23968840507341366,4.095170184795601,0.3,0.4137931034482928,False,False,False,False
2026-08-04 13:36:40.685423,APTV,none,559298.0,490813.0,0.4675876726886418,1.4670954769198774,0.3,0.3548387096774304,False,False,False,False
2026-08-04 13:36:40.873776,APO,none,97454.0,172356.46666666667,0.1302781822361771,1.5636129490468234,0.3,0.2833333333333152,False,False,False,False
2026-08-04 13:36:41.064713,UAL,none,99021.0,191660.8,0.2479711451758221,1.2120043124347912,0.3,0.7021276595744359,False,False,False,True
2026-08-04 13:36:41.248304,ASTS,none,376794.0,717987.5714285715,0.27193359095462677,0.4282964280217777,0.3,0.22891566265060015,False,False,False,False
2026-08-04 13:36:41.432715,ARWR,none,34667.0,45732.857142857145,0.37827461607948704,2.7452433459259056,0.3,0.8589743589743417,False,False,False,True
2026-08-04 13:36:41.618478,GTLB,none,91678.0,118587.86666666667,-0.21959923140268542,0.31981257373279565,0.3,0.3809523809523713,False,False,False,False
2026-08-04 13:36:41.807390,VSAT,none,97943.0,164950.06666666668,-0.06961364427428039,3.30229218310703,0.3,0.092307692307695,False,False,False,False
2026-08-04 13:36:41.996658,QNT,none,42918.0,59269.42857142857,0.3816793893129751,1.5181357241468174,0.3,0.32352941176470434,False,False,False,False
2026-08-04 13:36:42.189150,VSH,none,283985.0,295220.3333333333,0.2825584382224491,2.179883618886124,0.3,0.5,False,False,False,False
2026-08-04 13:36:42.371538,TEAM,none,112497.0,165175.57142857142,-0.1287237955130568,0.5134396545794577,0.3,0.17948717948717996,False,False,False,False
2026-08-04 13:36:42.563118,REZI,BUY,177790.0,109111.70147594404,1.9887429643527248,1.1231290645590766,0.3,0.7361111111111138,True,True,False,True
2026-08-04 13:36:45.269729,LEN,none,23308.0,56390.8,0.2192223376023973,0.978677120776493,0.3,0.4523809523809451,False,False,False,True
2026-08-04 13:36:45.458808,BROS,none,157199.0,152771.46666666667,0.2016129032257994,2.2325449038170477,0.3,0.15116279069766922,False,False,False,False
2026-08-04 13:36:45.755443,ALK,none,53828.0,106153.16666666667,0.3061029271092339,0.9267604492566102,0.3,0.7272727272727155,False,False,False,True
2026-08-04 13:36:46.002687,AOSL,none,35594.0,17832.0,0.06018657839302777,2.9143151265621334,0.3,0.0909090909091056,False,False,False,False
2026-08-04 13:36:46.190929,CSCO,none,445350.0,781407.5833333334,-0.041397582381186585,1.3740049471473452,0.3,0.19999999999998863,True,False,False,False
2026-08-04 13:36:46.383052,DHI,none,56556.0,57459.26666666667,0.17423937809944437,1.1890018902012733,0.3,0.3513513513513347,False,False,False,False
2026-08-04 13:36:46.690698,A,none,48954.0,43767.71428571428,-0.15137317090750346,0.8984956154445572,0.3,0.20388349514561097,False,False,False,False
2026-08-04 13:36:46.873579,MRNA,none,149012.0,190814.66666666666,0.5745125348189509,0.6552044860514772,0.3,0.6875000000000056,False,False,False,False
2026-08-04 13:36:47.064284,AFRM,none,44529.0,123658.06666666667,0.01259763164525714,0.26339443310634136,0.3,0.04347826086958939,False,False,False,False
2026-08-04 13:36:47.248349,MWH,none,57881.0,53786.71428571428,-1.176075268817209,3.337659376733324,0.3,0.8139534883720969,False,False,False,True
2026-08-04 13:36:47.434182,CEVA,none,15312.0,16327.714285714286,-0.16597510373442648,0.3737204828998732,0.3,0.20689655172412189,False,False,False,False
2026-08-04 13:36:47.621180,RIOT,none,634318.0,819112.5,1.7399267399267353,0.39950663431603617,0.3,0.9047619047619063,False,True,False,True
2026-08-04 13:36:47.806382,CVNA,none,224580.0,480901.4166666667,0.04393673110720729,0.25100152241670315,0.3,0.07317073170732045,False,False,False,False
2026-08-04 13:36:47.997391,IREN,none,1443007.0,2019829.6,0.804485616772302,0.5122146153907896,0.3,0.9428571428571342,False,True,False,True
2026-08-04 13:36:48.185605,HPE,none,675639.0,1551576.8,0.321908729407299,2.104842027077553,0.3,0.4594594594594392,False,False,False,False
2026-08-04 13:36:48.369577,DAL,none,156575.0,237086.83333333334,0.10755001075499496,1.2029914086439062,0.3,0.3571428571428354,False,False,False,False
2026-08-04 13:36:48.550952,RBLX,none,867711.0,1462670.9166666667,-0.4207204838285661,1.6405106569102803,0.3,0.48484848484848814,False,False,False,False
2026-08-04 13:36:48.735025,IVZ,none,169160.0,285186.4,0.31565656565657013,1.559137468630872,0.3,0.5882352941176495,False,False,False,True
2026-08-04 13:36:48.921612,JOBY,none,1113909.0,1873661.0666666667,0.251256281407041,2.3801144861279835,0.3,0.5000000000000111,False,False,False,False
2026-08-04 14:37:02.443005,AMAT,none,168492.0,263624.6666666667,-0.23722627737225446,0.4078174074059337,0.3,0.3939393939393856,False,False,False,False
2026-08-04 14:37:02.640683,LITE,none,131957.0,286882.2,0.5088286437849397,1.843857105871922,0.3,0.4708423326133871,False,False,False,True
2026-08-04 14:37:02.820809,ALAB,none,141333.0,225948.26666666666,0.18382864941649027,2.203141238900635,0.3,0.2946428571428671,True,False,False,False
2026-08-04 14:37:03.018101,STX,none,263176.0,223996.26666666666,0.3943117937162967,3.7106075858509135,0.3,0.3285440613026755,True,False,False,False
2026-08-04 14:37:03.200979,CIEN,none,78646.0,82585.83333333333,-0.427822910157196,0.30645304819434893,0.3,0.4836956521739202,True,False,True,False
2026-08-04 14:37:03.384434,AMD,none,1333756.0,1297288.7333333334,0.04754659566375048,0.8213469953043464,0.3,0.04863813229571998,False,False,False,False
2026-08-04 14:37:03.567225,MPWR,none,21736.0,36010.86666666667,0.45455558278928665,2.1389249350188164,0.3,0.4707692307692399,False,False,False,False
2026-08-04 14:37:03.760565,SIMO,none,35614.0,36715.0,-0.01862474856587742,2.1970598385837974,0.3,0.016835016835001368,False,False,False,False
2026-08-04 14:37:03.945655,BE,none,373735.0,941497.2,0.06502232433135623,2.3143715519980512,0.3,0.0487012987013008,False,False,False,False
2026-08-04 14:37:04.128483,ISRG,none,115769.0,168712.33333333334,-0.18831363772822732,1.8067102443765086,0.3,0.45098039215685254,False,False,False,False
2026-08-04 14:37:04.318996,CRDO,none,89738.0,255429.5,-0.644388450576233,1.8890644315901257,0.3,0.7999999999999942,False,False,False,True
2026-08-04 14:37:04.503081,ENTG,none,60475.0,69503.57142857143,-0.49095244774864427,1.0365936444557644,0.3,0.7070707070707178,False,False,False,True
2026-08-04 14:37:04.690954,MXL,none,77804.0,157179.58333333334,0.1645187825610153,0.6714776259883041,0.3,0.16438356164384094,False,False,False,False
2026-08-04 14:37:04.868683,NBIS,none,545564.0,962077.8,0.18602179112409756,2.1999338932454187,0.3,0.14482758620689337,False,False,False,False
2026-08-04 14:37:05.057063,KLAC,none,380907.0,540196.5,-0.5116921659929387,1.7705840248071887,0.3,0.8403361344537631,False,False,False,True
2026-08-04 14:37:05.245268,AMKR,none,151766.0,275039.0,-0.6944444444444329,2.3480879759618096,0.3,0.9069767441860319,False,False,False,True
2026-08-04 14:37:05.435219,DELL,none,221457.0,284423.0,-0.7056089574310831,1.5471931885241543,0.3,0.7590909090909203,False,False,False,True
2026-08-04 14:37:05.623345,AEHR,none,68445.0,151527.26666666666,0.055411895086814066,4.893479114120532,0.3,0.05309734513274492,False,False,False,False
2026-08-04 14:37:05.810625,MRVL,none,591080.0,1272103.3333333333,-0.40066627650474335,0.32037945717365135,0.3,0.6054421768707395,False,False,True,False
2026-08-04 14:37:05.992731,HOOD,none,756347.0,917068.0,-0.14981273408239762,0.1840423470549746,0.3,0.2258064516129025,False,False,False,False
2026-08-04 14:37:06.183235,RCL,none,39035.0,70530.66666666667,-0.07655326576231743,1.0606634796164167,0.3,0.17985611510791544,False,False,False,False
2026-08-04 14:37:06.372071,ARM,none,358111.0,320219.73333333334,0.3954416364093777,3.8807128086510834,0.3,0.3416149068322846,False,False,False,False
2026-08-04 14:37:06.562102,NXT,none,56939.0,157733.4,-0.010312467773543483,2.6930185806163016,0.3,0.010526315789479195,False,False,False,False
2026-08-04 14:37:06.754385,INTC,none,3200579.0,5782524.0,0.009973072703705113,3.956266620021684,0.3,0.011764705882359039,False,False,False,False
2026-08-04 14:37:06.943659,APTV,none,627515.0,583172.1333333333,-1.5611814345991604,1.4964794736828462,0.3,0.8604651162790655,False,False,True,True
2026-08-04 14:37:07.138811,APO,none,143448.0,179350.0,0.45551169146674336,1.7650694832261553,0.3,0.6521739130434608,False,False,False,True
2026-08-04 14:37:07.325069,UAL,none,92745.0,171000.3,-0.359389038634314,1.2015487095068238,0.3,0.6666666666666535,False,False,False,False
2026-08-04 14:37:07.504680,ASTS,none,377508.0,461708.85714285716,-0.23367065317386648,0.30323848104968454,0.3,0.2846061023961298,False,False,False,False
2026-08-04 14:37:07.687764,ARWR,none,68954.0,46477.0,0.5295178008111749,1.4271409409792497,0.3,0.7014925373134293,False,False,False,True
2026-08-04 14:37:07.869997,GTLB,none,52952.0,115105.46666666666,0.32948929159801604,0.32388916288391834,0.3,0.7999999999999905,False,True,False,True
2026-08-04 14:37:08.056393,VSAT,none,122019.0,155999.0,0.26878578941218184,2.574113767669317,0.3,0.3333333333333402,False,False,False,False
2026-08-04 14:37:08.249423,QNT,none,30540.0,40434.28571428572,-0.06894174422613969,0.5148872057723951,0.3,0.06896551724138945,False,False,False,False
2026-08-04 14:37:08.438893,VSH,none,156785.0,289413.86666666664,0.0,1.9582591055418348,0.3,0.0,False,False,False,False
2026-08-04 14:37:08.618405,TEAM,none,145020.0,138424.2857142857,0.9271158435836288,0.44159170144750126,0.3,1.0,False,True,False,True
2026-08-04 14:37:08.807800,REZI,none,78829.0,120688.60322024152,-1.9209456963428133,1.4436986175030593,0.3,0.9811320754717018,False,False,True,True
2026-08-04 14:37:09.002483,LEN,none,29226.0,53389.2,0.023030861354210064,1.0019229217792922,0.3,0.06060606060604886,False,False,False,False
2026-08-04 14:37:09.192986,BROS,none,65789.0,153899.2,-0.1692828562634648,2.3235330212077354,0.3,0.15277777777777724,False,False,False,False
2026-08-04 14:37:09.387284,ALK,none,64257.0,109915.91666666667,-0.07621951219512033,0.9252788023206757,0.3,0.1599999999999966,False,False,False,False
2026-08-04 14:37:09.569851,AOSL,none,6672.0,17903.666666666668,-0.029850746268650776,2.6509920096101665,0.3,0.043478260869555814,False,False,False,False
2026-08-04 14:37:09.760962,CSCO,none,525357.0,812112.6666666666,-0.024838549428714305,1.2447365826130965,0.3,0.09375000000000139,True,False,False,False
2026-08-04 14:37:09.956036,DHI,none,86334.0,61091.066666666666,-0.046832140228803894,1.1760481680958035,0.3,0.11111111111110109,False,False,False,False
2026-08-04 14:37:10.142651,A,none,33835.0,36258.57142857143,-0.22991809167983415,0.6072535852723945,0.3,0.4571428571428548,False,False,False,False
2026-08-04 14:37:10.332100,MRNA,none,94832.0,186189.58333333334,-0.7638888888888973,0.6620257549738732,0.3,0.8148148148148251,False,False,True,True
2026-08-04 14:37:10.524856,AFRM,none,68384.0,120782.0,-0.32733224222586565,0.21931312024504218,0.3,0.4482758620689757,False,False,True,False
2026-08-04 14:37:10.708623,MWH,none,18564.0,41746.857142857145,-0.6449422946368,3.4559813337024017,0.3,0.5428571428571443,False,False,False,False
2026-08-04 14:37:10.895268,CEVA,none,18696.0,15455.57142857143,-0.2480022044640295,0.2005008232255055,0.3,0.3749999999999815,False,False,True,False
2026-08-04 14:37:11.084056,RIOT,none,987259.0,957807.6666666666,-1.035103510351037,0.478204945362278,0.3,0.6133333333333345,False,False,True,True
2026-08-04 14:37:11.270583,CVNA,none,180541.0,457029.0833333333,0.02927400468385573,0.1996321709980171,0.3,0.03225806451614604,False,False,False,False
2026-08-04 14:37:11.471812,IREN,none,919057.0,1991953.0666666667,-0.07258649891120526,0.5055441121617773,0.3,0.09090909090909483,False,False,False,False
2026-08-04 14:37:11.649184,HPE,none,732474.0,1433722.0,-0.2448210922787242,2.145572374593669,0.3,0.32500000000000756,False,False,False,False
2026-08-04 14:37:11.847514,DAL,none,141428.0,235172.08333333334,-0.15034364261168445,1.0347753665597275,0.3,0.4000000000000081,False,False,False,False
2026-08-04 14:37:12.031551,RBLX,none,1318127.0,1445929.5833333333,0.21097046413501658,1.5974450115633705,0.3,0.17777777777777287,True,False,False,False
2026-08-04 14:37:12.319801,IVZ,none,197619.0,225979.1,0.4403900597672242,1.2970879640538,0.3,0.7777777777777821,False,False,False,True
2026-08-04 14:37:12.502609,JOBY,none,1194078.0,1821509.7333333334,-0.12499999999999734,1.9552125850595996,0.3,0.14285714285714105,False,False,False,False
